epoch,train_acc,valid_acc,test_acc
0.0,0.9389627910917611,0.9430154001091016,0.9419061809956376
1.0,0.951874132346136,0.9540514455960724,0.9531084501732402
2.0,0.9573880115491654,0.9569468339557718,0.9570579681525232
3.0,0.9597799662388956,0.9581217741597079,0.9572554440514873
4.0,0.9620350515867068,0.9586253199613948,0.9586018706353339
5.0,0.9643683479870431,0.9605136167177206,0.9604150584349137
6.0,0.964531287679804,0.9605136167177206,0.9595353930668007
7.0,0.9664604936420932,0.9601359573664554,0.9595353930668007
8.0,0.9664539760543828,0.959884184465612,0.9590506794966159
9.0,0.9666625388611167,0.9598002601653308,0.9589609177243595
10.0,0.9674707197372109,0.9602618438168772,0.9593738218767391
11.0,0.9672230514042143,0.9598002601653308,0.9588352512432006
12.0,0.9680051619294666,0.9600520330661743,0.9597867260291187
13.0,0.9686764734636416,0.9595065251143469,0.9588711559521031
14.0,0.9688003076301399,0.9600939952163149,0.9596072024846058
15.0,0.9685591568848537,0.9576601905081616,0.958045347647344
16.0,0.969562865392261,0.9595065251143469,0.9586916324075903
17.0,0.9696801819710489,0.959884184465612,0.9594815360034469
18.0,0.9705144331979848,0.959590449414628,0.9592481553955802
19.0,0.9702667648649882,0.9598002601653308,0.9590686318510673
20.0,0.9709641467500049,0.9607653896185641,0.9592661077500314
21.0,0.9703971166191969,0.959590449414628,0.9587634418253954
22.0,0.9719287497311495,0.9612269732701103,0.960056011345888
23.0,0.9693738553486584,0.9591288657630817,0.9583684900274672
24.0,0.9714725185914189,0.9592547522135034,0.9595892501301546
25.0,0.9714790361791293,0.9605136167177206,0.9596072024846058
26.0,0.9717592924506782,0.9592547522135034,0.9593379171678366
27.0,0.9719222321434391,0.9593386765137846,0.9590147747877134
28.0,0.9701168603476481,0.9577021526583022,0.9568066351902051
29.0,0.971114051267345,0.9590449414628005,0.9579017288117336
30.0,0.9716941165735737,0.9591288657630817,0.9591404412688724
31.0,0.9709185236360318,0.9599681087658931,0.9583325853185646
32.0,0.9714073427143146,0.9593806386639251,0.9582069188374055
33.0,0.9717397396875469,0.9603038059670177,0.9582428235463081
34.0,0.9723914984585905,0.9592127900633628,0.9587095847620415
35.0,0.9725218502127992,0.9600100709160337,0.9586916324075903
36.0,0.9719743728451226,0.9587092442616759,0.9580633000017952
37.0,0.9721112421870417,0.95900297931266,0.9585659659264313
38.0,0.9710944985042136,0.9586672821115354,0.9573452058237438
39.0,0.9727304130195332,0.9588770928622382,0.9584582517997235
40.0,0.9722741818798026,0.9588351307120977,0.9589070606610057
41.0,0.9723784632831697,0.959590449414628,0.9579376335206362
42.0,0.9728933527122942,0.9584994335109731,0.9586018706353339
43.0,0.9728868351245837,0.9580798120095674,0.9587095847620415
44.0,0.9732322672732369,0.9592127900633628,0.9588532035976518
45.0,0.9723654281077487,0.9573664554571776,0.958045347647344
46.0,0.9731084331067386,0.9584994335109731,0.9584762041541748
47.0,0.9730367396419237,0.956737023205069,0.9580812523562465
48.0,0.9729976341156611,0.9581637363098485,0.9585839182808825
49.0,0.9720982070116209,0.9571566447064748,0.9577581099761233
