step,elapsed_time,mem_allocated
0.0,3.235419677734375,837.9169921875
1.0,0.1221956787109375,808.451171875
2.0,0.025178047180175783,810.4462890625
3.0,0.01547753620147705,811.076171875
4.0,0.021374975204467773,809.0087890625
5.0,0.018089311599731445,811.8994140625
6.0,0.008279904365539551,811.03759765625
7.0,0.016059999465942384,808.7021484375
8.0,0.013453984260559082,813.205078125
9.0,0.015826911926269532,812.2236328125
10.0,0.021136287689208985,814.98046875
11.0,0.015273920059204102,813.423828125
12.0,0.016543071746826173,809.12548828125
13.0,0.008877568244934082,811.89306640625
14.0,0.014022656440734863,814.578125
15.0,0.0190382080078125,813.7451171875
16.0,0.024242176055908202,812.2705078125
17.0,0.02353379249572754,811.36279296875
18.0,0.04149417495727539,811.5078125
19.0,0.009052191734313965,813.4755859375
20.0,0.016675264358520507,807.47802734375
21.0,0.008369343757629395,807.8779296875
22.0,0.009753120422363282,812.8486328125
23.0,0.008636704444885254,815.07421875
24.0,0.014125887870788573,805.9873046875
25.0,0.016846208572387694,813.826171875
26.0,0.1562825927734375,813.294921875
27.0,0.03974492645263672,811.75537109375
28.0,0.02754150390625,810.35986328125
29.0,0.024010656356811523,809.4755859375
30.0,0.023382015228271484,811.498046875
31.0,0.027805696487426756,808.27294921875
32.0,0.01096121597290039,816.89404296875
33.0,0.008549599647521973,812.56298828125
34.0,0.030073280334472655,818.10791015625
35.0,0.01781123161315918,816.67724609375
36.0,0.03059654426574707,813.65966796875
37.0,0.014696255683898925,813.40234375
38.0,0.012088064193725587,806.78369140625
39.0,0.014184767723083497,812.50732421875
40.0,0.013792096138000488,807.55224609375
41.0,0.01718272018432617,812.81201171875
42.0,0.01394051170349121,811.408203125
43.0,0.008282464027404785,812.61181640625
44.0,0.008374591827392579,810.037109375
45.0,0.02271510314941406,812.5634765625
46.0,0.014896960258483886,817.87255859375
47.0,0.023987615585327148,813.83447265625
48.0,0.0194816951751709,808.7607421875
49.0,0.029855743408203125,813.271484375
50.0,0.016708095550537108,810.681640625
51.0,0.00820019245147705,811.2802734375
52.0,0.013704895973205566,816.76904296875
53.0,0.013035776138305664,813.19970703125
54.0,0.0382426872253418,813.0078125
55.0,0.045862911224365234,813.7138671875
56.0,0.015417823791503906,810.24609375
57.0,0.008044063568115234,813.8408203125
58.0,0.008693471908569336,814.2041015625
59.0,0.010951583862304687,814.404296875
60.0,0.010346495628356933,808.23876953125
61.0,0.01147094440460205,813.09326171875
62.0,0.008017919540405273,808.716796875
63.0,0.005988287925720215,812.8447265625
64.0,0.015378303527832031,812.82763671875
65.0,0.007616511821746826,815.90771484375
66.0,0.0163287353515625,814.90478515625
67.0,0.007813119888305664,812.0517578125
68.0,0.006520832061767578,811.96240234375
69.0,0.018147327423095702,809.15771484375
70.0,0.01789936065673828,811.9248046875
71.0,0.008938719749450683,808.44970703125
72.0,0.018936927795410157,809.6689453125
73.0,0.015099616050720214,816.19970703125
74.0,0.014315775871276856,809.14990234375
75.0,0.011843071937561036,811.919921875
76.0,0.03011164855957031,810.60986328125
77.0,0.017629535675048828,808.85205078125
78.0,0.01817190361022949,812.33447265625
79.0,0.01591215991973877,816.64306640625
80.0,0.01651068878173828,812.20703125
81.0,0.01593139171600342,816.6171875
82.0,0.017196863174438477,812.8515625
83.0,0.01938665580749512,812.68115234375
84.0,0.01618124771118164,810.5703125
85.0,0.015632384300231932,810.8115234375
86.0,0.016273408889770507,811.880859375
87.0,0.016224063873291016,809.51708984375
88.0,0.015126591682434081,811.173828125
89.0,0.01591500759124756,817.31982421875
90.0,0.03447808074951172,809.484375
91.0,0.009292767524719239,812.279296875
92.0,0.008095583915710448,814.8408203125
93.0,0.016490495681762696,808.9248046875
94.0,0.02894198417663574,810.85400390625
95.0,0.01828995132446289,810.97509765625
96.0,0.02123776054382324,811.66015625
97.0,0.015601728439331055,809.86279296875
98.0,0.015488896369934082,816.73583984375
99.0,0.025887168884277344,813.0966796875
100.0,0.01662848091125488,811.841796875
101.0,0.018981279373168944,811.85205078125
102.0,0.014428192138671875,813.119140625
103.0,0.01780735969543457,811.9365234375
104.0,0.015865887641906738,811.8486328125
105.0,0.022705440521240235,811.5546875
106.0,0.01316044807434082,809.33154296875
107.0,0.031190847396850584,818.50146484375
108.0,0.05407561492919922,812.9755859375
109.0,0.00840499210357666,812.05126953125
110.0,0.016139232635498046,812.8251953125
111.0,0.01459404754638672,812.2646484375
112.0,0.01656812858581543,806.6005859375
113.0,0.018378047943115233,810.25146484375
114.0,0.01894780731201172,809.28173828125
115.0,0.022677215576171875,807.98828125
116.0,0.02366054344177246,812.232421875
117.0,0.01531289577484131,811.763671875
118.0,0.021416032791137695,814.5712890625
119.0,0.03019468879699707,812.76708984375
120.0,0.023761024475097658,813.22802734375
121.0,0.017297344207763674,806.06982421875
122.0,0.013298815727233886,813.810546875
123.0,0.023372447967529297,816.99658203125
124.0,0.01819100761413574,812.2958984375
125.0,0.01585871982574463,812.61767578125
126.0,0.029818368911743165,809.87451171875
127.0,0.010351136207580566,813.1943359375
128.0,0.014679583549499511,813.12451171875
129.0,0.011959296226501465,811.525390625
130.0,0.01483244800567627,811.57470703125
131.0,0.015411808013916015,812.63134765625
132.0,0.012966591835021973,808.72265625
133.0,0.014436287879943848,814.4521484375
134.0,0.015619263648986817,816.4404296875
135.0,0.01639846420288086,813.66259765625
136.0,0.014389247894287109,812.466796875
137.0,0.008791135787963868,807.72705078125
138.0,0.014424160003662109,816.37109375
139.0,0.015442015647888184,808.0419921875
140.0,0.019985727310180664,813.2236328125
141.0,0.017357568740844726,809.22265625
142.0,0.024263423919677736,815.9921875
143.0,0.01938489532470703,812.17041015625
144.0,0.022661184310913084,809.50634765625
145.0,0.017202623367309572,819.91259765625
146.0,0.015366047859191894,809.62060546875
147.0,0.014123264312744141,809.439453125
148.0,0.013944831848144532,811.78271484375
149.0,0.02259097671508789,809.765625
150.0,0.02459836769104004,814.76171875
151.0,0.010926079750061036,814.49755859375
152.0,0.013902175903320312,807.609375
153.0,0.01948057556152344,812.79052734375
154.0,0.013898271560668946,815.92919921875
155.0,0.014885184288024902,810.39013671875
156.0,0.013874560356140138,811.03857421875
157.0,0.01597059154510498,811.94921875
158.0,0.016314367294311523,813.41552734375
159.0,0.015839232444763183,814.35546875
160.0,0.013619199752807617,806.5517578125
161.0,0.017956832885742187,812.40625
162.0,0.07016451263427734,810.93017578125
163.0,0.014891072273254395,814.42822265625
164.0,0.016166976928710938,817.109375
165.0,0.014791744232177734,808.95263671875
166.0,0.016588960647583008,812.8955078125
167.0,0.013758463859558106,817.1796875
168.0,0.01486076831817627,810.1494140625
169.0,0.016232448577880858,812.759765625
170.0,0.015828991889953615,816.1240234375
171.0,0.013485919952392579,812.60302734375
172.0,0.014540800094604492,812.29931640625
173.0,0.013682687759399414,809.41552734375
174.0,0.008290080070495606,813.2255859375
175.0,0.01747030448913574,809.99462890625
176.0,0.00799129581451416,813.154296875
177.0,0.016656192779541015,809.57177734375
178.0,0.009049535751342774,814.28466796875
179.0,0.0137325439453125,808.98388671875
180.0,0.052965278625488284,818.1650390625
181.0,0.0152958402633667,810.4853515625
182.0,0.018643295288085938,809.29052734375
183.0,0.015353280067443848,810.9619140625
184.0,0.02152025604248047,812.4736328125
185.0,0.01411350440979004,807.4765625
186.0,0.015236288070678712,814.4609375
187.0,0.014116864204406738,813.03173828125
188.0,0.014576224327087403,807.61376953125
189.0,0.014795680046081543,816.92431640625
190.0,0.0176060791015625,817.7822265625
191.0,0.015180095672607422,816.462890625
192.0,0.013489727973937988,813.6357421875
193.0,0.015415648460388183,813.2109375
194.0,0.013611007690429687,808.93212890625
195.0,0.014093983650207519,814.94287109375
196.0,0.026963327407836916,811.42724609375
197.0,0.020385887145996092,812.11962890625
198.0,0.012225695610046387,810.0205078125
199.0,0.025507488250732423,813.1416015625
200.0,0.022907039642333985,815.64404296875
201.0,0.01564467239379883,811.5859375
202.0,0.01626041603088379,809.361328125
203.0,0.01613155174255371,813.88232421875
204.0,0.016303232192993164,808.9189453125
205.0,0.014772319793701172,814.76171875
206.0,0.01520025634765625,809.53076171875
207.0,0.008366144180297852,814.216796875
208.0,0.017344160079956053,808.18896484375
209.0,0.01704591941833496,816.833984375
210.0,0.01738422393798828,813.28271484375
211.0,0.015282367706298828,812.759765625
212.0,0.015573184013366699,809.48193359375
213.0,0.017929983139038087,806.18310546875
214.0,0.017975936889648436,810.0576171875
215.0,0.009580544471740723,816.5224609375
216.0,0.045964672088623044,809.380859375
217.0,0.015230048179626464,812.458984375
218.0,0.014745599746704101,809.5224609375
219.0,0.01396294403076172,813.0087890625
220.0,0.03082828712463379,813.64453125
221.0,0.015323136329650879,807.916015625
222.0,0.01958438491821289,817.25830078125
223.0,0.012218367576599122,814.02978515625
224.0,0.015297120094299316,811.1435546875
225.0,0.023589216232299804,808.51806640625
226.0,0.016785408020019533,814.47216796875
227.0,0.015073280334472656,809.58642578125
228.0,0.025897151947021486,813.2275390625
229.0,0.016970560073852538,811.18212890625
230.0,0.016011423110961914,816.4404296875
231.0,0.014458815574645996,812.0546875
232.0,0.014700448036193848,809.67333984375
233.0,0.014942208290100097,814.33447265625
234.0,0.040534721374511716,810.94873046875
235.0,0.012084639549255372,812.3525390625
236.0,0.014244768142700195,810.41552734375
237.0,0.014352288246154785,812.896484375
238.0,0.014705183982849122,813.572265625
239.0,0.014229503631591797,811.43115234375
240.0,0.01501852798461914,813.78466796875
241.0,0.013950976371765136,808.93212890625
242.0,0.01643788719177246,814.06640625
243.0,0.01600320053100586,813.14501953125
244.0,0.014741503715515136,812.00341796875
245.0,0.014311776161193848,811.4130859375
246.0,0.01606166458129883,813.0703125
247.0,0.016058496475219727,811.04150390625
248.0,0.015434783935546875,811.85986328125
249.0,0.016910175323486328,813.0791015625
250.0,0.016087039947509766,809.2314453125
251.0,0.017364992141723632,810.630859375
252.0,0.012103775978088378,818.92724609375
253.0,0.008852416038513184,813.20166015625
254.0,0.019976192474365235,811.33935546875
255.0,0.008320768356323243,809.8251953125
256.0,0.007219200134277344,813.69287109375
257.0,0.01606713676452637,812.47021484375
258.0,0.02187628746032715,809.29443359375
259.0,0.02337942314147949,816.89892578125
260.0,0.024614912033081054,812.458984375
261.0,0.022151359558105467,806.9697265625
262.0,0.013785087585449218,811.771484375
263.0,0.014708255767822266,811.65625
264.0,0.022564031600952147,811.03564453125
265.0,0.01555577564239502,813.43310546875
266.0,0.013858816146850587,807.5380859375
267.0,0.02165622329711914,813.0107421875
268.0,0.015136863708496094,814.1806640625
269.0,0.02143235206604004,810.4873046875
270.0,0.035741504669189454,814.48779296875
271.0,0.0153307523727417,816.62353515625
272.0,0.009291263580322265,813.544921875
273.0,0.008906784057617188,816.88330078125
274.0,0.011159071922302246,809.953125
275.0,0.007846399784088135,809.50732421875
276.0,0.00992255973815918,811.10546875
277.0,0.008610112190246582,811.7900390625
278.0,0.008923135757446288,811.42236328125
279.0,0.013879232406616211,815.13134765625
280.0,0.014292287826538085,812.18017578125
281.0,0.014175871849060058,811.36572265625
282.0,0.015025376319885254,812.3818359375
283.0,0.014495200157165527,816.9736328125
284.0,0.017102592468261717,809.68701171875
285.0,0.013946751594543456,816.4697265625
286.0,0.014230527877807618,811.05712890625
287.0,0.014268704414367676,810.8447265625
288.0,0.019488704681396483,811.64501953125
289.0,0.007647232055664062,808.033203125
290.0,0.015951616287231445,809.7890625
291.0,0.014622719764709472,812.154296875
292.0,0.009832287788391113,812.20556640625
293.0,0.01927168083190918,812.75048828125
294.0,0.01660927963256836,813.0146484375
295.0,0.00882755184173584,812.37060546875
296.0,0.009367551803588867,810.06103515625
297.0,0.007965760231018066,812.953125
298.0,0.02150259208679199,811.8974609375
299.0,0.01142579174041748,812.7021484375
300.0,0.008529952049255371,813.10302734375
301.0,0.024465408325195313,813.6826171875
302.0,0.007993311882019042,814.03466796875
303.0,0.010166687965393066,808.38916015625
304.0,0.016170944213867187,814.40087890625
305.0,0.01553113555908203,813.32568359375
306.0,0.013777215957641602,809.48583984375
307.0,0.013245984077453614,809.8203125
308.0,0.010547200202941894,816.412109375
309.0,0.03869481658935547,812.6064453125
310.0,0.01900943946838379,810.4736328125
311.0,0.017475584030151366,810.21337890625
312.0,0.015353792190551758,813.31494140625
313.0,0.015140864372253418,808.6083984375
314.0,0.01470803165435791,811.66162109375
315.0,0.015540448188781739,813.47021484375
316.0,0.012146688461303711,817.39453125
317.0,0.012764191627502442,814.8046875
318.0,0.01580031967163086,810.5751953125
319.0,0.013576255798339844,812.87841796875
320.0,0.01732863998413086,810.85302734375
321.0,0.013179103851318359,812.73388671875
322.0,0.014407679557800293,811.70703125
323.0,0.015419391632080079,811.55419921875
324.0,0.024637439727783202,809.3046875
325.0,0.010356736183166505,808.3076171875
326.0,0.013088768005371093,812.53271484375
327.0,0.011440416336059571,810.314453125
328.0,0.008099295616149903,814.755859375
329.0,0.027709503173828125,812.39404296875
330.0,0.014498208045959473,809.4013671875
331.0,0.021166080474853514,816.31298828125
332.0,0.01662774467468262,819.10400390625
333.0,0.008229311943054199,807.8154296875
334.0,0.0265031681060791,810.53564453125
335.0,0.024909791946411134,814.44189453125
336.0,0.02736207962036133,813.0205078125
337.0,0.016546144485473632,805.99951171875
338.0,0.014912192344665526,813.70703125
339.0,0.02420729637145996,809.5185546875
340.0,0.011608063697814941,812.046875
341.0,0.011385567665100097,811.81494140625
342.0,0.02125004768371582,810.357421875
343.0,0.008902432441711426,814.615234375
344.0,0.01641881561279297,812.25244140625
345.0,0.018032991409301757,810.75048828125
346.0,0.01380179214477539,810.82080078125
347.0,0.01495254421234131,814.12939453125
348.0,0.015517696380615235,806.83837890625
349.0,0.014259455680847168,816.4541015625
350.0,0.014024800300598144,806.23291015625
351.0,0.015849472045898438,811.5791015625
352.0,0.014649215698242188,807.8740234375
353.0,0.014209728240966796,812.9169921875
354.0,0.017463968276977538,812.8125
355.0,0.015395584106445313,810.66357421875
356.0,0.014536704063415527,811.91455078125
357.0,0.03176518440246582,814.6865234375
358.0,0.029034496307373047,813.74072265625
359.0,0.02510438346862793,809.4580078125
360.0,0.022925056457519532,810.84912109375
361.0,0.025878944396972657,810.11376953125
362.0,0.008257632255554198,812.6953125
363.0,0.015825599670410157,813.93798828125
364.0,0.016301023483276368,814.94921875
365.0,0.015441120147705078,811.60009765625
366.0,0.008939167976379395,810.048828125
367.0,0.02972876739501953,811.31494140625
368.0,0.014948351860046387,810.61865234375
369.0,0.031974496841430666,814.658203125
370.0,0.015852352142333985,812.55908203125
371.0,0.016472063064575194,815.33837890625
372.0,0.015747967720031737,812.3251953125
373.0,0.017824319839477538,815.271484375
374.0,0.015546655654907227,811.86474609375
375.0,0.01588489627838135,812.1875
376.0,0.01459398365020752,813.01953125
377.0,0.013625311851501464,812.419921875
378.0,0.01281670379638672,810.77392578125
379.0,0.017287168502807617,810.07763671875
380.0,0.01685327911376953,810.0703125
381.0,0.016518144607543944,813.25830078125
382.0,0.014515168190002441,812.12890625
383.0,0.023921823501586913,806.1416015625
384.0,0.021223424911499023,811.69482421875
385.0,0.020531391143798827,815.8544921875
386.0,0.021611711502075196,808.87255859375
387.0,0.02112512016296387,816.42236328125
388.0,0.013842111587524413,811.38330078125
389.0,0.02528816032409668,810.1708984375
390.0,0.013381088256835937,813.06201171875
391.0,0.013722944259643554,813.05810546875
392.0,0.013709312438964843,808.26416015625
393.0,0.015629887580871582,809.14453125
394.0,0.013705216407775878,812.5673828125
395.0,0.01659990310668945,812.15380859375
396.0,0.021690784454345705,810.09912109375
397.0,0.017192960739135742,817.0771484375
398.0,0.012979359626770019,808.83349609375
399.0,0.014508607864379883,809.72607421875
400.0,0.014724287986755371,811.0595703125
401.0,0.016367136001586916,812.76806640625
402.0,0.014110719680786133,805.8837890625
403.0,0.019518688201904298,813.189453125
404.0,0.008588255882263184,812.18798828125
405.0,0.01947648048400879,811.89990234375
406.0,0.007999008178710937,815.7294921875
407.0,0.008346176147460938,811.7705078125
408.0,0.017908960342407226,809.6572265625
409.0,0.007931903839111328,811.14892578125
410.0,0.0073814082145690916,810.33837890625
411.0,0.007728096008300781,816.63427734375
412.0,0.008259424209594727,816.2412109375
413.0,0.01051961612701416,817.3310546875
414.0,0.028067264556884765,816.04345703125
415.0,0.026076511383056642,813.41357421875
416.0,0.018913280487060546,812.06201171875
417.0,0.017864704132080078,809.958984375
418.0,0.02580303955078125,809.09130859375
419.0,0.01692425537109375,811.96875
420.0,0.017513664245605468,814.42138671875
421.0,0.016370208740234374,813.02392578125
422.0,0.015922719955444337,811.85693359375
423.0,0.017792640686035158,810.044921875
424.0,0.015195615768432617,812.81396484375
425.0,0.017203487396240235,810.26708984375
426.0,0.01866713523864746,811.30419921875
427.0,0.0168855037689209,812.74462890625
428.0,0.015177023887634278,815.45751953125
429.0,0.017354751586914064,807.63916015625
430.0,0.015165280342102051,813.93017578125
431.0,0.016481056213378906,809.2158203125
432.0,0.013320320129394532,808.5478515625
433.0,0.015690208435058594,810.78759765625
434.0,0.014139391899108887,817.8525390625
435.0,0.01621811294555664,810.921875
436.0,0.013948543548583985,817.47509765625
437.0,0.013574144363403321,813.4482421875
438.0,0.014553919792175293,811.7490234375
439.0,0.013679072380065918,813.998046875
440.0,0.013819775581359862,811.724609375
441.0,0.014080575942993164,810.9072265625
442.0,0.015224831581115723,813.9462890625
443.0,0.013538368225097656,815.78125
444.0,0.013626496315002441,813.57177734375
445.0,0.013369855880737304,806.34130859375
446.0,0.013389504432678223,811.5283203125
447.0,0.0134716796875,811.73291015625
448.0,0.015423487663269043,812.7275390625
449.0,0.017106048583984373,810.60791015625
450.0,0.029606143951416017,812.1083984375
451.0,0.016841567993164063,813.02197265625
452.0,0.014071807861328126,813.48291015625
453.0,0.013531264305114745,816.0712890625
454.0,0.013909631729125977,813.49267578125
455.0,0.014979136466979981,809.29833984375
456.0,0.015160032272338867,812.12939453125
457.0,0.014154368400573731,808.27197265625
458.0,0.012503040313720704,812.23291015625
459.0,0.009783295631408692,810.99658203125
460.0,0.013756832122802735,814.4697265625
461.0,0.013541376113891602,812.46826171875
462.0,0.009433343887329101,806.25244140625
463.0,0.015227487564086914,812.54638671875
464.0,0.007854080200195313,812.14208984375
465.0,0.01692848014831543,813.716796875
466.0,0.015935040473937987,811.716796875
467.0,0.01518665599822998,811.84326171875
468.0,0.02330300712585449,811.0048828125
469.0,0.017566272735595703,812.08056640625
470.0,0.021772287368774415,812.02001953125
471.0,0.022929471969604494,812.1875
472.0,0.02828300857543945,816.923828125
473.0,0.021465471267700195,809.900390625
474.0,0.02332467269897461,809.65283203125
475.0,0.021658143997192382,812.95068359375
476.0,0.02963839912414551,809.87451171875
477.0,0.015908543586730956,812.71826171875
478.0,0.00933283233642578,810.779296875
479.0,0.008069343566894531,812.47509765625
480.0,0.025671680450439452,809.57080078125
481.0,0.01664204788208008,814.06591796875
482.0,0.015074655532836915,812.6689453125
483.0,0.01708742332458496,814.10107421875
484.0,0.01984102439880371,814.80615234375
485.0,0.016626720428466798,809.4111328125
486.0,0.022647647857666015,816.47119140625
487.0,0.018450143814086915,813.03564453125
488.0,0.013976127624511718,811.123046875
489.0,0.015542271614074708,809.72119140625
490.0,0.01632614326477051,813.3427734375
491.0,0.015826911926269532,815.99462890625
492.0,0.023652896881103516,808.87255859375
493.0,0.008176480293273926,812.05908203125
494.0,0.008159135818481445,814.2431640625
495.0,0.00903916835784912,817.759765625
496.0,0.008253024101257325,808.8798828125
497.0,0.008368096351623534,816.380859375
498.0,0.015101951599121094,813.05810546875
499.0,0.015264767646789551,813.7431640625
500.0,0.015228960037231445,807.384765625
501.0,0.012671968460083009,810.53515625
502.0,0.016895391464233397,813.04638671875
503.0,0.013519392013549805,809.94775390625
504.0,0.012761088371276855,813.078125
505.0,0.019159135818481447,808.68603515625
506.0,0.0133570556640625,810.14794921875
507.0,0.014022432327270507,809.3720703125
508.0,0.017855487823486327,814.6376953125
509.0,0.016720447540283203,817.0888671875
510.0,0.013080544471740722,806.5302734375
511.0,0.01505900764465332,811.5009765625
512.0,0.014361856460571289,812.40771484375
513.0,0.014022751808166504,809.3701171875
514.0,0.014749695777893066,812.7861328125
515.0,0.01567948818206787,812.32861328125
516.0,0.014094207763671875,811.94580078125
517.0,0.015364095687866211,805.36572265625
518.0,0.015446656227111817,813.25390625
519.0,0.013719615936279296,809.48779296875
520.0,0.01927577590942383,816.5546875
521.0,0.015159071922302246,814.28173828125
522.0,0.04086463928222656,816.7890625
523.0,0.017354623794555664,812.8037109375
524.0,0.01454361629486084,810.40087890625
525.0,0.015607775688171387,812.72900390625
526.0,0.02164374351501465,813.54052734375
527.0,0.011016127586364746,812.4384765625
528.0,0.021618303298950196,813.65869140625
529.0,0.02371228790283203,806.97607421875
530.0,0.01398681640625,812.75927734375
531.0,0.010915679931640625,809.8720703125
532.0,0.02014227294921875,813.099609375
533.0,0.009027584075927735,811.95361328125
534.0,0.007725503921508789,809.43212890625
535.0,0.006364863872528076,810.62744140625
536.0,0.009016639709472656,814.39404296875
537.0,0.008036352157592774,810.091796875
538.0,0.008498815536499024,817.66943359375
539.0,0.015623776435852051,808.875
540.0,0.03195292854309082,810.89794921875
541.0,0.006567935943603515,810.61279296875
542.0,0.016103296279907225,811.302734375
543.0,0.008150879859924316,807.9833984375
544.0,0.016634912490844728,813.8046875
545.0,0.03172268867492676,811.318359375
546.0,0.026439199447631834,816.42236328125
547.0,0.01681203269958496,808.41943359375
548.0,0.02120675277709961,813.2041015625
549.0,0.015668512344360352,812.11279296875
550.0,0.019248319625854493,812.72900390625
551.0,0.025043872833251952,816.62353515625
552.0,0.018039295196533203,810.41552734375
553.0,0.021207040786743164,814.47314453125
554.0,0.021446847915649415,808.974609375
555.0,0.021655839920043947,812.4931640625
556.0,0.01719705581665039,810.970703125
557.0,0.02930067253112793,814.49560546875
558.0,0.012388352394104005,810.11376953125
559.0,0.019786432266235353,812.8232421875
560.0,0.012707839965820313,813.5224609375
561.0,0.009848992347717285,813.14208984375
562.0,0.008331263542175293,805.9150390625
563.0,0.017809696197509765,808.89501953125
564.0,0.01780531120300293,811.89794921875
565.0,0.007847936153411865,813.63134765625
566.0,0.015536224365234375,812.18701171875
567.0,0.007702303886413574,811.517578125
568.0,0.018194463729858397,811.0771484375
569.0,0.007786496162414551,813.07080078125
570.0,0.007772192001342774,808.71142578125
571.0,0.01555907154083252,812.52880859375
572.0,0.006978208065032959,810.97119140625
573.0,0.006717023849487305,812.12451171875
574.0,0.014741727828979492,816.26513671875
575.0,0.010846816062927245,817.3837890625
576.0,0.03223961639404297,814.34619140625
577.0,0.008429344177246095,816.34130859375
578.0,0.00786729621887207,816.169921875
579.0,0.019467775344848632,811.333984375
580.0,0.006645760059356689,811.67041015625
581.0,0.014705375671386718,812.5869140625
582.0,0.009184991836547852,810.6279296875
583.0,0.008834976196289063,812.5703125
584.0,0.006951200008392334,809.5078125
585.0,0.013615072250366211,808.22509765625
586.0,0.00882198429107666,812.50537109375
587.0,0.006794271945953369,815.74853515625
588.0,0.006273119926452637,814.287109375
589.0,0.014743552207946778,812.2548828125
590.0,0.01769375991821289,812.3994140625
591.0,0.008288384437561035,817.4853515625
592.0,0.01679769515991211,812.02783203125
593.0,0.01368841552734375,811.78955078125
594.0,0.035902366638183594,812.38427734375
595.0,0.01702134323120117,810.1318359375
596.0,0.016153472900390625,813.4951171875
597.0,0.014707615852355957,813.77197265625
598.0,0.015799872398376463,808.86669921875
599.0,0.01603436851501465,813.34765625
600.0,0.01647417640686035,812.42724609375
601.0,0.017096063613891602,811.71240234375
602.0,0.015118783950805664,809.0771484375
603.0,0.017299455642700197,813.34521484375
604.0,0.019020063400268555,816.107421875
605.0,0.015906047821044923,816.48779296875
606.0,0.014970272064208985,808.748046875
607.0,0.01705683135986328,813.22998046875
608.0,0.01693721580505371,811.73681640625
609.0,0.015202848434448243,813.07421875
610.0,0.01595043182373047,810.82763671875
611.0,0.015747072219848633,810.44140625
612.0,0.019048255920410158,811.35791015625
613.0,0.014163968086242675,810.634765625
614.0,0.013886495590209961,818.0869140625
615.0,0.017711103439331053,811.29150390625
616.0,0.014384991645812988,810.88671875
617.0,0.01389833641052246,817.20849609375
618.0,0.013559136390686035,811.85498046875
619.0,0.013475839614868163,816.57275390625
620.0,0.013727775573730469,814.27783203125
621.0,0.013750271797180176,814.67138671875
622.0,0.013809663772583008,811.697265625
623.0,0.014131456375122071,812.48974609375
624.0,0.015733344078063965,817.6669921875
625.0,0.014305567741394043,807.52783203125
626.0,0.013450752258300782,811.8193359375
627.0,0.015742976188659667,807.984375
628.0,0.01610425567626953,810.91650390625
629.0,0.013905920028686524,808.39794921875
630.0,0.03204022216796875,816.33349609375
631.0,0.008817952156066894,812.7412109375
632.0,0.008224575996398927,810.591796875
633.0,0.008023743629455566,811.36865234375
634.0,0.012176159858703614,811.5029296875
635.0,0.008067071914672852,812.806640625
636.0,0.008534784317016602,812.8427734375
637.0,0.009044032096862793,812.85009765625
638.0,0.01553603172302246,807.30517578125
639.0,0.01578012752532959,809.94091796875
640.0,0.014364768028259277,816.015625
641.0,0.012967552185058594,811.0185546875
642.0,0.01518387222290039,812.95166015625
643.0,0.013605504035949708,811.37646484375
644.0,0.016413408279418944,811.142578125
645.0,0.013027168273925782,814.3642578125
646.0,0.01547878360748291,808.8935546875
647.0,0.010656352043151856,810.12890625
648.0,0.0232906551361084,809.2763671875
649.0,0.00881049633026123,810.8330078125
650.0,0.012194399833679198,813.27099609375
651.0,0.019386783599853515,812.6279296875
652.0,0.007906911849975586,811.51318359375
653.0,0.015701536178588868,809.34716796875
654.0,0.00883619213104248,811.42431640625
655.0,0.017098751068115235,811.61376953125
656.0,0.008738816261291504,813.22802734375
657.0,0.007874559879302979,813.61572265625
658.0,0.01390182399749756,813.203125
659.0,0.01686960029602051,809.85546875
660.0,0.013731616020202637,805.93212890625
661.0,0.006088831901550293,814.86279296875
662.0,0.007939072132110595,814.697265625
663.0,0.01863577651977539,808.15478515625
664.0,0.008876031875610351,814.662109375
665.0,0.01656268882751465,813.6640625
666.0,0.04239177703857422,815.91455078125
667.0,0.017802080154418944,809.916015625
668.0,0.0171909122467041,809.42626953125
669.0,0.013589983940124511,811.9443359375
670.0,0.014169695854187012,811.29150390625
671.0,0.01630761528015137,816.4619140625
672.0,0.0131461763381958,807.53125
673.0,0.014472031593322754,812.77978515625
674.0,0.014265536308288574,811.248046875
675.0,0.009307904243469238,814.12841796875
676.0,0.016436800003051758,813.833984375
677.0,0.01630863952636719,816.001953125
678.0,0.01766534423828125,810.91796875
679.0,0.015400511741638184,814.68359375
680.0,0.016944223403930665,813.51513671875
681.0,0.01771500778198242,814.60498046875
682.0,0.016085792541503906,810.22900390625
683.0,0.017237855911254884,814.85595703125
684.0,0.02781532859802246,813.44970703125
685.0,0.008546208381652832,808.15234375
686.0,0.015616000175476074,812.71533203125
687.0,0.017039615631103514,816.291015625
688.0,0.017298944473266603,811.857421875
689.0,0.015116543769836425,812.23876953125
690.0,0.01701161575317383,809.84033203125
691.0,0.018071327209472656,813.86962890625
692.0,0.017823455810546875,813.39697265625
693.0,0.01536092758178711,809.2490234375
694.0,0.017141759872436522,813.34228515625
695.0,0.015235648155212403,808.50927734375
696.0,0.015532032012939453,813.82421875
697.0,0.015201408386230469,811.591796875
698.0,0.016953407287597658,817.31884765625
699.0,0.017115776062011718,813.04638671875
700.0,0.017005727767944335,810.0830078125
701.0,0.015814559936523438,814.80908203125
702.0,0.021399551391601563,810.3828125
703.0,0.016561759948730468,810.6591796875
704.0,0.014968735694885254,811.5380859375
705.0,0.01551968002319336,814.5791015625
706.0,0.014459360122680663,817.0009765625
707.0,0.014097248077392578,812.34228515625
708.0,0.015117119789123536,812.09765625
709.0,0.015475104331970215,812.69580078125
710.0,0.013813119888305664,812.208984375
711.0,0.01644316864013672,813.09326171875
712.0,0.01350051212310791,810.20361328125
713.0,0.015554559707641602,808.22998046875
714.0,0.013377344131469727,812.78173828125
715.0,0.015307456016540528,807.71044921875
716.0,0.012804096221923827,811.98046875
717.0,0.014354432106018066,810.2314453125
718.0,0.012219327926635742,810.783203125
719.0,0.013606911659240722,813.5791015625
720.0,0.027886816024780273,811.62353515625
721.0,0.00847488021850586,813.18017578125
722.0,0.015765279769897462,814.20166015625
723.0,0.007870848178863526,812.82373046875
724.0,0.007897088050842285,810.24951171875
725.0,0.007805600166320801,808.287109375
726.0,0.016933216094970702,811.03857421875
727.0,0.007871488094329833,809.28564453125
728.0,0.007890079975128174,811.79931640625
729.0,0.015742815971374512,811.8447265625
730.0,0.016646432876586913,813.9013671875
731.0,0.007682015895843506,810.61181640625
732.0,0.015210495948791505,810.03271484375
733.0,0.007815264225006103,813.07421875
734.0,0.007745535850524903,810.43115234375
735.0,0.008556735992431641,808.2705078125
736.0,0.017690719604492186,810.642578125
737.0,0.007844160079956055,814.10400390625
738.0,0.03414681625366211,810.18603515625
739.0,0.03239827346801758,809.40478515625
740.0,0.01402780818939209,811.35546875
741.0,0.024428768157958983,809.978515625
742.0,0.008566559791564942,817.12353515625
743.0,0.015624192237854004,811.37109375
744.0,0.008114208221435546,816.97509765625
745.0,0.008016223907470704,816.96044921875
746.0,0.007784704208374024,813.55078125
747.0,0.00800879955291748,812.193359375
748.0,0.007816351890563965,810.53955078125
749.0,0.00775328016281128,816.28759765625
750.0,0.008019968032836914,808.4794921875
751.0,0.0078503999710083,812.16650390625
752.0,0.00793833589553833,807.48291015625
753.0,0.01530675220489502,809.80859375
754.0,0.011333888053894042,812.888671875
755.0,0.014096063613891601,812.4609375
756.0,0.021242656707763673,811.35693359375
757.0,0.015887616157531738,811.9072265625
758.0,0.017940383911132812,806.97265625
759.0,0.01589718437194824,811.3330078125
760.0,0.015120160102844239,809.2099609375
761.0,0.014050687789916992,816.10595703125
762.0,0.01318883228302002,811.00830078125
763.0,0.015795231819152832,816.57275390625
764.0,0.013971263885498048,811.986328125
765.0,0.015454591751098633,810.03955078125
766.0,0.013921759605407714,812.849609375
767.0,0.015832544326782227,810.1318359375
768.0,0.015161343574523926,812.2451171875
769.0,0.013801440238952637,807.73583984375
770.0,0.013768128395080566,811.63818359375
771.0,0.012638272285461426,805.46484375
772.0,0.013496383666992188,814.3447265625
773.0,0.013439071655273438,811.88330078125
774.0,0.023423328399658203,812.4658203125
775.0,0.010934911727905273,811.6337890625
776.0,0.018671680450439453,813.23388671875
777.0,0.014387167930603028,813.42919921875
778.0,0.01820262336730957,809.7568359375
779.0,0.03569839859008789,810.62841796875
780.0,0.03600998306274414,810.82666015625
781.0,0.018533248901367188,811.306640625
782.0,0.03480575942993164,811.802734375
783.0,0.014358271598815918,812.27783203125
784.0,0.014133376121520996,811.6826171875
785.0,0.01532975959777832,810.865234375
786.0,0.015903712272644043,819.09814453125
787.0,0.013637855529785156,809.77685546875
788.0,0.022614303588867186,812.3466796875
789.0,0.02411110305786133,811.9892578125
790.0,0.013889344215393066,812.9140625
791.0,0.01396735954284668,812.98095703125
792.0,0.010567680358886718,810.34375
793.0,0.010065888404846192,814.14599609375
794.0,0.008804351806640624,808.966796875
795.0,0.008285535812377929,811.544921875
796.0,0.01233510398864746,810.88671875
797.0,0.01579193592071533,816.37158203125
798.0,0.026955263137817383,817.65771484375
799.0,0.026480640411376953,814.75634765625
800.0,0.027711488723754882,812.56494140625
801.0,0.017955039978027342,812.45751953125
802.0,0.021865407943725587,815.9521484375
803.0,0.027722879409790038,809.9365234375
804.0,0.018398048400878907,813.419921875
805.0,0.021615488052368164,812.083984375
806.0,0.03036774444580078,810.93798828125
807.0,0.021521024703979492,810.74755859375
808.0,0.01952339172363281,812.25537109375
809.0,0.008617568016052245,812.48291015625
810.0,0.029922975540161132,813.15283203125
811.0,0.007508480072021485,817.08935546875
812.0,0.013094911575317383,811.00537109375
813.0,0.023786848068237304,807.19482421875
814.0,0.02332262420654297,813.18896484375
815.0,0.015194111824035645,811.02197265625
816.0,0.021641056060791017,813.64892578125
817.0,0.024976415634155272,807.7861328125
818.0,0.02550499153137207,807.78662109375
819.0,0.017975776672363282,813.1123046875
820.0,0.021587968826293946,812.8173828125
821.0,0.023518815994262695,812.14208984375
822.0,0.015195199966430664,812.7265625
823.0,0.014984255790710449,808.43701171875
824.0,0.015374784469604491,814.197265625
825.0,0.015548255920410156,814.27099609375
826.0,0.016488319396972657,813.953125
827.0,0.022918527603149413,813.72412109375
828.0,0.038002689361572264,810.9970703125
829.0,0.02669260787963867,811.90625
830.0,0.015705984115600587,812.03564453125
831.0,0.014860095977783204,816.43212890625
832.0,0.013443072319030762,808.24072265625
833.0,0.01394480037689209,811.126953125
834.0,0.01684943962097168,814.15087890625
835.0,0.01476198387145996,811.47314453125
836.0,0.013939488410949706,810.37353515625
837.0,0.014537728309631348,811.748046875
838.0,0.014804448127746582,812.61962890625
839.0,0.013737983703613281,813.43115234375
840.0,0.015436703681945801,807.9228515625
841.0,0.015184896469116211,807.1826171875
842.0,0.016197759628295897,808.537109375
843.0,0.014735424041748046,813.4306640625
844.0,0.01549516773223877,811.88525390625
845.0,0.013539135932922363,808.1513671875
846.0,0.042386753082275394,809.43115234375
847.0,0.015909567832946777,809.3759765625
848.0,0.008179871559143067,803.787109375
849.0,0.008038399696350097,809.62255859375
850.0,0.011017120361328125,817.59130859375
851.0,0.016668607711791992,816.44677734375
852.0,0.015104703903198242,809.0439453125
853.0,0.017374528884887695,810.6494140625
854.0,0.01923094367980957,816.4267578125
855.0,0.01749283218383789,813.01904296875
856.0,0.017629888534545897,811.29443359375
857.0,0.0157042236328125,813.474609375
858.0,0.014320608139038085,809.228515625
859.0,0.023783584594726563,817.38916015625
860.0,0.01552348804473877,810.25537109375
861.0,0.012856160163879395,813.61083984375
862.0,0.013875455856323242,815.63818359375
863.0,0.013328512191772461,809.75927734375
864.0,0.02854924774169922,817.32080078125
865.0,0.008730624198913574,810.6103515625
866.0,0.00909347152709961,811.68994140625
867.0,0.016945152282714843,814.2890625
868.0,0.013332351684570313,811.74462890625
869.0,0.0086179838180542,810.724609375
870.0,0.01640399932861328,811.31591796875
871.0,0.006977536201477051,812.689453125
872.0,0.013485919952392579,811.74169921875
873.0,0.015423487663269043,809.91357421875
874.0,0.017473823547363283,814.2470703125
875.0,0.008242527961730957,811.60107421875
876.0,0.016138559341430665,812.248046875
877.0,0.01916889572143555,814.111328125
878.0,0.015398752212524415,814.53857421875
879.0,0.009058303833007812,808.29345703125
880.0,0.01570963191986084,812.00439453125
881.0,0.03727977752685547,809.9013671875
882.0,0.024257440567016602,811.13623046875
883.0,0.008708415985107422,811.94140625
884.0,0.00802406406402588,814.173828125
885.0,0.006826047897338867,816.849609375
886.0,0.007913504123687744,816.849609375
887.0,0.012363776206970215,813.3935546875
888.0,0.012322079658508301,812.79150390625
889.0,0.013766655921936035,810.49755859375
890.0,0.013721664428710938,811.67236328125
891.0,0.013633855819702148,812.330078125
892.0,0.012832703590393067,816.49609375
893.0,0.015042304039001465,812.15234375
894.0,0.010704992294311523,813.2763671875
895.0,0.014587200164794922,814.19970703125
896.0,0.015052736282348633,811.1962890625
897.0,0.016671232223510742,812.7666015625
898.0,0.013546175956726074,811.66357421875
899.0,0.016072704315185548,809.0478515625
