epoch,acc_2_2_2,acc_4_3_2,acc_8_6_4,acc_15_10_5,acc_25_15_5
1,0.901297955226828,0.9277238209791214,0.9361434752167748,0.9330556702511534,0.93817209126977
2,0.9389081378022728,0.9494282175107264,0.952587831894153,0.9518158806527476,0.9518338330071988
3,0.942803798718202,0.9543112579214764,0.9552088756440408,0.9545984955926968,0.956537349873436
4,0.948135647990234,0.957740157621672,0.9593917742311904,0.9580273952928928,0.9594097265856416
5,0.9486921709782238,0.9592840601044827,0.9599303448647292,0.9597149166113136,0.9598764878013752
6,0.9484767427248084,0.9580633000017952,0.9609177243595498,0.960810010232842,0.9600201066369854
7,0.9499308834353626,0.95910453655997,0.960863867296196,0.9600201066369854,0.9610972479040626
8,0.9500565499165216,0.9591942983322262,0.9607022961061344,0.9612947238030268,0.959427678940093
9,0.9509721199935371,0.9590147747877134,0.9609895337773549,0.9600919160547906,0.9597867260291189
10,0.9505053587778036,0.9586377753442364,0.9610074861318062,0.9612229143852216,0.9601637254725958
11,0.9502899305243884,0.9581889664829544,0.9609177243595498,0.9611690573218676,0.9604689154982676
12,0.9459813654560796,0.9580992047106978,0.960684343751683,0.9611331526129652,0.9605766296249754
13,0.9509362152846346,0.9588172988887492,0.9606484390427804,0.9617973897276628,0.9603432490171084
14,0.9480279338635262,0.9576683482038668,0.9592840601044827,0.9614562949930884,0.9595712977757032
15,0.9486562662693212,0.958996822433262,0.9615281044108936,0.9604509631438164,0.9602175825359496
16,0.9469866973053516,0.9580812523562464,0.9594097265856416,0.9604868678527188,0.9605766296249754
17,0.9491230274850546,0.958296680609662,0.960307344308206,0.9601996301814985,0.9601457731181444
18,0.9497872645997524,0.9586557276986876,0.9595353930668008,0.9605048202071702,0.9607382008150368
19,0.9473098396854748,0.9586557276986876,0.961312676157478,0.9611331526129652,0.9606484390427804
20,0.948135647990234,0.958422347090821,0.9595712977757032,0.9607382008150368,0.9605945819794266
21,0.9493025510295676,0.9580992047106978,0.96106134319516,0.9614203902841858,0.9610792955496114
22,0.9496256934096908,0.9567168734179488,0.9610433908407088,0.9598405830924726,0.9601098684092418
23,0.947202125558767,0.9574349675960002,0.9601278207636932,0.9601637254725958,0.9604509631438164
24,0.946448126671813,0.9575247293682566,0.9599303448647292,0.9605766296249754,0.9602534872448522
25,0.9460172701649822,0.9568604922535592,0.9597328689657648,0.960756153169488,0.9593558695222878
26,0.9455505089492487,0.9568963969624616,0.9606663913972318,0.9600739637003392,0.958673680053139
27,0.9474534585210852,0.9561962551388614,0.9585659659264312,0.9601278207636932,0.9592302030411288
28,0.9483510762436492,0.9558731127587384,0.959499488357898,0.9598405830924726,0.9609177243595498
29,0.9469328402419978,0.956788682835754,0.9592661077500314,0.96036120137156,0.9597687736746674
30,0.9461070319372386,0.9541855914403174,0.958925013015457,0.959858535446924,0.9594635836489956
