step,elapsed_time,mem_usage
0.0,3.068869873046875,1426.97998046875
1.0,0.534265869140625,1446.52734375
2.0,0.01286796760559082,1452.52880859375
3.0,0.009573760032653809,1452.52880859375
4.0,0.020155487060546876,1452.52880859375
5.0,0.03221750259399414,1457.79541015625
6.0,0.032827392578125,1457.79541015625
7.0,0.02704547119140625,1457.79541015625
8.0,0.029597728729248048,1457.79541015625
9.0,0.0065411520004272465,1459.4921875
10.0,0.006688767910003662,1459.4921875
11.0,0.012217120170593261,1459.4921875
12.0,0.009385984420776367,1459.4921875
13.0,0.01245263957977295,1459.4921875
14.0,0.0069723200798034665,1459.4921875
15.0,0.008319328308105469,1459.4921875
16.0,0.013124159812927246,1459.4921875
17.0,0.007303167819976806,1459.4921875
18.0,0.007507967948913574,1461.08056640625
19.0,0.008859647750854491,1461.08056640625
20.0,0.008499199867248536,1461.08056640625
21.0,0.01030624008178711,1464.13720703125
22.0,0.01144422435760498,1464.13720703125
23.0,0.009181183815002441,1464.13720703125
24.0,0.006779903888702392,1464.13720703125
25.0,0.006930431842803955,1464.13720703125
26.0,0.009762240409851073,1464.13720703125
27.0,0.008639904022216796,1464.13720703125
28.0,0.008766783714294433,1464.13720703125
29.0,0.011753472328186035,1464.13720703125
30.0,0.010125408172607422,1464.13720703125
31.0,0.008544256210327148,1464.13720703125
32.0,0.01170259189605713,1464.13720703125
33.0,0.009519295692443848,1464.13720703125
34.0,0.008577183723449707,1464.13720703125
35.0,0.008567808151245117,1464.13720703125
36.0,0.011110464096069335,1464.13720703125
37.0,0.02528611183166504,1464.13720703125
38.0,0.01479049587249756,1464.13720703125
39.0,0.008462335586547852,1464.13720703125
40.0,0.006523680210113525,1464.13720703125
41.0,0.008824831962585449,1464.13720703125
42.0,0.0068759040832519535,1464.13720703125
43.0,0.006680575847625733,1464.13720703125
44.0,0.013332480430603028,1464.13720703125
45.0,0.01367238426208496,1464.13720703125
46.0,0.013608384132385253,1464.13720703125
47.0,0.010729087829589843,1464.13720703125
48.0,0.010434176445007324,1464.13720703125
49.0,0.013276063919067382,1464.13720703125
50.0,0.013584320068359374,1464.13720703125
51.0,0.01116710376739502,1464.13720703125
52.0,0.011581439971923829,1464.13720703125
53.0,0.012493023872375488,1464.13720703125
54.0,0.017508575439453125,1464.13720703125
55.0,0.013131199836730957,1464.13720703125
56.0,0.005587135791778565,1464.13720703125
57.0,0.006472479820251465,1464.13720703125
58.0,0.0077578239440917966,1464.13720703125
59.0,0.008790399551391602,1464.13720703125
60.0,0.01412895965576172,1464.13720703125
61.0,0.0133919038772583,1464.13720703125
62.0,0.010526271820068359,1464.13720703125
63.0,0.016140192031860352,1464.13720703125
64.0,0.023745664596557615,1464.13720703125
65.0,0.01408614444732666,1464.13720703125
66.0,0.008744959831237792,1464.13720703125
67.0,0.008990464210510253,1464.13720703125
68.0,0.009132032394409179,1464.13720703125
69.0,0.008281824111938476,1464.13720703125
70.0,0.01031884765625,1464.13720703125
71.0,0.009938943862915038,1464.13720703125
72.0,0.012449024200439453,1464.13720703125
73.0,0.008876383781433106,1464.13720703125
74.0,0.027718080520629882,1464.13720703125
75.0,0.008571711540222168,1464.13720703125
76.0,0.013134400367736816,1464.13720703125
77.0,0.006990208148956299,1464.13720703125
78.0,0.007211008071899414,1464.13720703125
79.0,0.014592415809631347,1466.51953125
80.0,0.01913199996948242,1466.51953125
81.0,0.015136768341064453,1466.51953125
82.0,0.01072332763671875,1466.51953125
83.0,0.014040512084960937,1466.51953125
84.0,0.014933024406433106,1466.51953125
85.0,0.012402688026428223,1466.51953125
86.0,0.01703343963623047,1466.51953125
87.0,0.006971295833587647,1466.51953125
88.0,0.010111040115356445,1466.51953125
89.0,0.015342304229736328,1466.51953125
90.0,0.00973964786529541,1466.51953125
91.0,0.006274400234222412,1466.51953125
92.0,0.017519359588623048,1466.51953125
93.0,0.013178688049316406,1466.51953125
94.0,0.013430784225463867,1466.51953125
95.0,0.010983712196350097,1466.51953125
96.0,0.012676416397094726,1466.51953125
97.0,0.01118832015991211,1466.51953125
98.0,0.011841535568237305,1466.51953125
99.0,0.013287263870239258,1466.51953125
100.0,0.011994015693664551,1466.51953125
101.0,0.014514623641967773,1466.51953125
102.0,0.01299142360687256,1466.51953125
103.0,0.013141663551330566,1466.51953125
104.0,0.011156895637512206,1466.51953125
105.0,0.01748476791381836,1466.51953125
106.0,0.012625920295715331,1466.51953125
107.0,0.01376255989074707,1466.51953125
108.0,0.012017727851867676,1466.51953125
109.0,0.010811712265014648,1466.51953125
110.0,0.0102423677444458,1466.51953125
111.0,0.06234038543701172,1466.51953125
112.0,0.016486656188964843,1466.51953125
113.0,0.009939231872558595,1466.51953125
114.0,0.01529644775390625,1466.51953125
115.0,0.015145248413085937,1466.51953125
116.0,0.016301855087280274,1466.51953125
117.0,0.008957951545715333,1466.51953125
118.0,0.010704671859741211,1466.51953125
119.0,0.008896512031555176,1466.51953125
120.0,0.01062502384185791,1466.51953125
121.0,0.009347968101501465,1466.51953125
122.0,0.010792351722717286,1466.51953125
123.0,0.009262911796569824,1466.51953125
124.0,0.007453855991363526,1466.51953125
125.0,0.02546505546569824,1466.51953125
126.0,0.009777376174926758,1466.51953125
127.0,0.008728128433227539,1466.51953125
128.0,0.008818655967712403,1466.51953125
129.0,0.008808192253112792,1466.51953125
130.0,0.008670656204223633,1466.51953125
131.0,0.009995583534240723,1466.51953125
132.0,0.009715968132019043,1466.51953125
133.0,0.008693056106567383,1466.51953125
134.0,0.007766016006469726,1466.51953125
135.0,0.014532447814941406,1466.51953125
136.0,0.0076902399063110355,1466.51953125
137.0,0.008569472312927246,1466.51953125
138.0,0.008556544303894043,1466.51953125
139.0,0.01194217586517334,1466.51953125
140.0,0.007673855781555176,1466.51953125
141.0,0.010380800247192384,1466.51953125
142.0,0.008650943756103516,1466.51953125
143.0,0.008690048217773437,1466.51953125
144.0,0.008571423530578614,1466.51953125
145.0,0.010067808151245116,1466.51953125
146.0,0.009015392303466797,1466.51953125
147.0,0.009084959983825684,1466.51953125
148.0,0.027463903427124025,1466.51953125
149.0,0.006988351821899414,1466.51953125
150.0,0.015456000328063964,1466.51953125
151.0,0.013469696044921875,1466.51953125
152.0,0.014331904411315918,1466.51953125
153.0,0.011104255676269532,1466.51953125
154.0,0.012055999755859375,1466.51953125
155.0,0.012097087860107422,1466.51953125
156.0,0.011522047996520996,1466.51953125
157.0,0.012675071716308594,1466.51953125
158.0,0.01117404842376709,1466.51953125
159.0,0.016618431091308592,1466.51953125
160.0,0.006313983917236328,1466.51953125
161.0,0.006260640144348144,1466.51953125
162.0,0.009969120025634765,1466.51953125
163.0,0.0062791681289672855,1466.51953125
164.0,0.006815743923187256,1466.51953125
165.0,0.006488096237182617,1466.51953125
166.0,0.006830080032348633,1466.51953125
167.0,0.0062564477920532225,1466.51953125
168.0,0.006557695865631104,1466.51953125
169.0,0.006236800193786621,1466.51953125
170.0,0.007925119876861573,1466.51953125
171.0,0.007309311866760254,1466.51953125
172.0,0.006773536205291748,1466.51953125
173.0,0.006226592063903809,1466.51953125
174.0,0.013942784309387207,1466.51953125
175.0,0.006534815788269043,1466.51953125
176.0,0.006201344013214111,1466.51953125
177.0,0.004440032005310059,1466.51953125
178.0,0.010772480010986327,1466.51953125
179.0,0.00694755220413208,1466.51953125
180.0,0.006526976108551025,1466.51953125
181.0,0.006156223773956299,1466.51953125
182.0,0.0063426241874694825,1466.51953125
183.0,0.016407360076904298,1466.51953125
184.0,0.014935903549194336,1466.51953125
185.0,0.036168094635009765,1466.51953125
186.0,0.006516736030578613,1466.51953125
187.0,0.007124991893768311,1466.51953125
188.0,0.007009056091308594,1466.51953125
189.0,0.014185088157653809,1466.51953125
190.0,0.012600480079650879,1466.51953125
191.0,0.011219167709350586,1466.51953125
192.0,0.03248160171508789,1466.51953125
193.0,0.0062986559867858885,1466.51953125
194.0,0.007235648155212403,1466.51953125
195.0,0.016713184356689455,1466.51953125
196.0,0.006520800113677979,1466.51953125
197.0,0.006174560070037842,1466.51953125
198.0,0.00989014434814453,1466.51953125
199.0,0.00900710391998291,1466.51953125
200.0,0.006512479782104492,1466.51953125
201.0,0.025085119247436522,1466.51953125
202.0,0.006772736072540283,1466.51953125
203.0,0.00653926420211792,1466.51953125
204.0,0.00699129581451416,1466.51953125
205.0,0.006426623821258545,1466.51953125
206.0,0.006940383911132813,1466.51953125
207.0,0.017010496139526366,1466.51953125
208.0,0.00653107213973999,1466.51953125
209.0,0.006236159801483154,1466.51953125
210.0,0.00714137601852417,1466.51953125
211.0,0.026355072021484374,1466.51953125
212.0,0.019552864074707032,1466.51953125
213.0,0.009032320022583008,1466.51953125
214.0,0.006588096141815185,1466.51953125
215.0,0.011620448112487794,1466.51953125
216.0,0.0065443840026855465,1466.51953125
217.0,0.006050943851470947,1466.51953125
218.0,0.012436448097229004,1466.51953125
219.0,0.0065372161865234375,1466.51953125
220.0,0.006214335918426513,1466.51953125
221.0,0.006987775802612305,1466.51953125
222.0,0.035692543029785154,1466.51953125
223.0,0.015349760055541992,1466.51953125
224.0,0.00978486442565918,1466.51953125
225.0,0.010654175758361816,1466.51953125
226.0,0.011771712303161621,1466.51953125
227.0,0.010768383979797362,1466.51953125
228.0,0.011121312141418456,1466.51953125
229.0,0.011065343856811523,1466.51953125
230.0,0.010180607795715332,1466.51953125
231.0,0.02316867256164551,1466.51953125
232.0,0.00636518383026123,1466.51953125
233.0,0.010266207695007324,1466.51953125
234.0,0.010400896072387695,1466.51953125
235.0,0.008745535850524903,1466.51953125
236.0,0.013072383880615235,1466.51953125
237.0,0.015149056434631348,1466.51953125
238.0,0.017016895294189455,1466.51953125
239.0,0.010917887687683106,1466.51953125
240.0,0.00908022403717041,1466.51953125
241.0,0.01052467155456543,1466.51953125
242.0,0.010528703689575196,1466.51953125
243.0,0.008843263626098634,1466.51953125
244.0,0.010358783721923828,1466.51953125
245.0,0.009967583656311035,1466.51953125
246.0,0.008988703727722168,1466.51953125
247.0,0.008897695541381836,1466.51953125
248.0,0.012285632133483887,1466.51953125
249.0,0.015169535636901856,1466.51953125
250.0,0.011673600196838378,1466.51953125
251.0,0.010328191757202149,1466.51953125
252.0,0.014928319931030273,1466.51953125
253.0,0.011599391937255859,1466.51953125
254.0,0.010285280227661132,1466.51953125
255.0,0.0149136323928833,1466.51953125
256.0,0.010279808044433594,1466.51953125
257.0,0.010533951759338378,1466.51953125
258.0,0.011957887649536134,1466.51953125
259.0,0.025375743865966797,1466.51953125
260.0,0.007259744167327881,1466.51953125
261.0,0.007175295829772949,1466.51953125
262.0,0.007174143791198731,1466.51953125
263.0,0.006625279903411865,1466.51953125
264.0,0.006781407833099365,1466.51953125
265.0,0.006629151821136475,1466.51953125
266.0,0.007737343788146973,1466.51953125
267.0,0.007681727886199951,1466.51953125
268.0,0.006470848083496094,1466.51953125
269.0,0.011683648109436034,1466.51953125
270.0,0.008869888305664063,1466.51953125
271.0,0.011057024002075195,1466.51953125
272.0,0.012233823776245116,1466.51953125
273.0,0.011193696022033692,1466.51953125
274.0,0.007678271770477295,1466.51953125
275.0,0.006349952220916748,1466.51953125
276.0,0.007208864212036133,1466.51953125
277.0,0.011371487617492676,1466.51953125
278.0,0.01082367992401123,1466.51953125
279.0,0.00642252779006958,1466.51953125
280.0,0.00652288007736206,1466.51953125
281.0,0.00881932830810547,1466.51953125
282.0,0.0072271361351013185,1466.51953125
283.0,0.006457344055175781,1466.51953125
284.0,0.006419072151184082,1466.51953125
285.0,0.0069045119285583495,1466.51953125
286.0,0.009135775566101074,1466.51953125
287.0,0.006455872058868408,1466.51953125
288.0,0.011515904426574707,1466.51953125
289.0,0.006074656009674073,1466.51953125
290.0,0.006372255802154541,1466.51953125
291.0,0.010910528182983398,1466.51953125
292.0,0.009205951690673828,1466.51953125
293.0,0.007468287944793701,1466.51953125
294.0,0.006488192081451416,1466.51953125
295.0,0.012261247634887696,1466.51953125
296.0,0.04914591979980469,1466.51953125
297.0,0.021598495483398438,1466.51953125
298.0,0.015089664459228515,1466.51953125
299.0,0.013219743728637696,1466.51953125
300.0,0.013329248428344726,1466.51953125
301.0,0.009762816429138184,1466.51953125
302.0,0.0083374080657959,1466.51953125
303.0,0.006479904174804687,1466.51953125
304.0,0.009152511596679687,1466.51953125
305.0,0.009576704025268555,1466.51953125
306.0,0.009006815910339356,1466.51953125
307.0,0.009064127922058105,1466.51953125
308.0,0.0062839360237121585,1466.51953125
309.0,0.0079651198387146,1466.51953125
310.0,0.010864864349365235,1466.51953125
311.0,0.007573503971099854,1466.51953125
312.0,0.00653718376159668,1466.51953125
313.0,0.0064737281799316405,1466.51953125
314.0,0.00646233606338501,1466.51953125
315.0,0.011660256385803223,1466.51953125
316.0,0.006434207916259766,1466.51953125
317.0,0.01185148811340332,1466.51953125
318.0,0.009300959587097169,1466.51953125
319.0,0.013196319580078124,1466.51953125
320.0,0.010568160057067871,1466.51953125
321.0,0.01203609561920166,1466.51953125
322.0,0.010193984031677246,1466.51953125
323.0,0.010400927543640137,1466.51953125
324.0,0.010607295989990235,1466.51953125
325.0,0.009280192375183105,1466.51953125
326.0,0.017721343994140625,1466.51953125
327.0,0.02283139228820801,1466.51953125
328.0,0.009156479835510253,1466.51953125
329.0,0.014888704299926758,1466.51953125
330.0,0.010457759857177734,1466.51953125
331.0,0.010303232192993164,1466.51953125
332.0,0.009886719703674317,1466.51953125
333.0,0.031998016357421874,1466.51953125
334.0,0.011675968170166015,1466.51953125
335.0,0.007192800045013428,1466.51953125
336.0,0.01151369571685791,1466.51953125
337.0,0.012260095596313476,1466.51953125
338.0,0.009361408233642577,1466.51953125
339.0,0.0064453759193420414,1466.51953125
340.0,0.011347583770751953,1466.51953125
341.0,0.00955344009399414,1466.51953125
342.0,0.008910880088806153,1466.51953125
343.0,0.011868736267089845,1466.51953125
344.0,0.00960848045349121,1466.51953125
345.0,0.010290528297424316,1466.51953125
346.0,0.009332736015319825,1466.51953125
347.0,0.008742912292480469,1466.51953125
348.0,0.008022336006164551,1466.51953125
349.0,0.009310208320617675,1466.51953125
350.0,0.008060128211975097,1466.51953125
351.0,0.01262236785888672,1466.51953125
352.0,0.011259488105773926,1466.51953125
353.0,0.00879248046875,1466.51953125
354.0,0.006154240131378174,1466.51953125
355.0,0.00894371223449707,1466.51953125
356.0,0.009709024429321289,1466.51953125
357.0,0.00986252784729004,1466.51953125
358.0,0.009601696014404297,1466.51953125
359.0,0.009732799530029297,1466.51953125
360.0,0.03213107299804688,1466.51953125
361.0,0.018569215774536133,1466.51953125
362.0,0.010399680137634277,1466.51953125
363.0,0.009641440391540527,1466.51953125
364.0,0.020338687896728515,1466.51953125
365.0,0.01664588737487793,1466.51953125
366.0,0.014741087913513183,1466.51953125
367.0,0.010379263877868652,1466.51953125
368.0,0.008598624229431152,1466.51953125
369.0,0.005435391902923584,1466.51953125
370.0,0.021183679580688477,1466.51953125
371.0,0.010242048263549805,1466.51953125
372.0,0.010684415817260743,1466.51953125
373.0,0.009518783569335937,1466.51953125
374.0,0.009549216270446777,1466.51953125
375.0,0.012415552139282226,1466.51953125
376.0,0.009182559967041015,1466.51953125
377.0,0.0076929922103881835,1466.51953125
378.0,0.008644607543945313,1466.51953125
379.0,0.008485535621643066,1466.51953125
380.0,0.006178815841674804,1466.51953125
381.0,0.005936063766479492,1466.51953125
382.0,0.01694259262084961,1466.51953125
383.0,0.005868063926696777,1466.51953125
384.0,0.006164480209350586,1466.51953125
385.0,0.008835071563720704,1466.51953125
386.0,0.01942323112487793,1466.51953125
387.0,0.01031372833251953,1466.51953125
388.0,0.006276864051818848,1466.51953125
389.0,0.0061877760887146,1466.51953125
390.0,0.010209183692932128,1466.51953125
391.0,0.01405568027496338,1466.51953125
392.0,0.006012928009033203,1466.51953125
393.0,0.010319264411926269,1466.51953125
394.0,0.006115327835083008,1466.51953125
395.0,0.006168575763702393,1466.51953125
396.0,0.010057727813720703,1466.51953125
397.0,0.00490723180770874,1466.51953125
398.0,0.010731103897094727,1466.51953125
399.0,0.011653120040893555,1466.51953125
400.0,0.008380800247192384,1466.51953125
401.0,0.006253727912902832,1466.51953125
402.0,0.006131807804107666,1466.51953125
403.0,0.010883808135986328,1466.51953125
404.0,0.010917887687683106,1466.51953125
405.0,0.006032512187957763,1466.51953125
406.0,0.006110527992248535,1466.51953125
407.0,0.040054046630859375,1466.51953125
408.0,0.0068930559158325196,1466.51953125
409.0,0.007070015907287597,1466.51953125
410.0,0.006854656219482422,1466.51953125
411.0,0.006502399921417237,1466.51953125
412.0,0.006250495910644531,1466.51953125
413.0,0.010231807708740234,1466.51953125
414.0,0.006427296161651611,1466.51953125
415.0,0.0061294717788696286,1466.51953125
416.0,0.010811327934265137,1466.51953125
417.0,0.015359999656677246,1466.51953125
418.0,0.011207488059997559,1466.51953125
419.0,0.012918848037719727,1466.51953125
420.0,0.012006848335266114,1466.51953125
421.0,0.010824159622192383,1466.51953125
422.0,0.008999936103820801,1466.51953125
423.0,0.010715264320373535,1466.51953125
424.0,0.01008140754699707,1466.51953125
425.0,0.010279264450073242,1466.51953125
426.0,0.010122976303100585,1466.51953125
427.0,0.010957759857177734,1466.51953125
428.0,0.01031100845336914,1466.51953125
429.0,0.009976256370544433,1466.51953125
430.0,0.009193471908569336,1466.51953125
431.0,0.01228774356842041,1466.51953125
432.0,0.010788640022277833,1466.51953125
433.0,0.010047360420227051,1466.51953125
434.0,0.008851455688476563,1466.51953125
435.0,0.012023807525634766,1466.51953125
436.0,0.009954848289489747,1466.51953125
437.0,0.009719231605529784,1466.51953125
438.0,0.010253984451293946,1466.51953125
439.0,0.01476211166381836,1466.51953125
440.0,0.009880224227905273,1466.51953125
441.0,0.014818143844604493,1466.51953125
442.0,0.009510911941528321,1466.51953125
443.0,0.011080351829528809,1466.51953125
444.0,0.048721599578857425,1466.51953125
445.0,0.006838496208190918,1466.51953125
446.0,0.011780256271362305,1466.51953125
447.0,0.013060192108154296,1466.51953125
448.0,0.014734272003173829,1466.51953125
449.0,0.011720992088317872,1466.51953125
450.0,0.01316659164428711,1466.51953125
451.0,0.013922240257263184,1466.51953125
452.0,0.027481023788452148,1466.51953125
453.0,0.008991488456726074,1466.51953125
454.0,0.011337727546691894,1466.51953125
455.0,0.023158784866333007,1466.51953125
456.0,0.008859328269958496,1466.51953125
457.0,0.01071513557434082,1466.51953125
458.0,0.01732383918762207,1466.51953125
459.0,0.015506688117980958,1466.51953125
460.0,0.013929247856140137,1466.51953125
461.0,0.019437759399414063,1466.51953125
462.0,0.010311967849731445,1466.51953125
463.0,0.010141695976257324,1466.51953125
464.0,0.012335040092468262,1466.51953125
465.0,0.010887616157531739,1466.51953125
466.0,0.011059200286865235,1466.51953125
467.0,0.011396191596984863,1466.51953125
468.0,0.011639231681823731,1466.51953125
469.0,0.012009183883666992,1466.51953125
470.0,0.01121388816833496,1466.51953125
471.0,0.010308639526367187,1466.51953125
472.0,0.010740863800048827,1466.51953125
473.0,0.009378560066223144,1466.51953125
474.0,0.011961440086364745,1466.51953125
475.0,0.010314496040344238,1466.51953125
476.0,0.011108991622924804,1466.51953125
477.0,0.01229923152923584,1466.51953125
478.0,0.010147104263305664,1466.51953125
479.0,0.010773632049560547,1466.51953125
480.0,0.010256768226623535,1466.51953125
481.0,0.015564800262451172,1466.51953125
482.0,0.011057984352111817,1466.51953125
483.0,0.011220992088317871,1466.51953125
484.0,0.009876416206359864,1466.51953125
485.0,0.01678963279724121,1466.51953125
486.0,0.015491071701049805,1466.51953125
487.0,0.01742438316345215,1466.51953125
488.0,0.024807840347290038,1466.51953125
489.0,0.011493151664733886,1466.51953125
490.0,0.02259859275817871,1466.51953125
491.0,0.009168959617614747,1466.51953125
492.0,0.009009152412414552,1466.51953125
493.0,0.01917510414123535,1466.51953125
494.0,0.009547776222229003,1466.51953125
495.0,0.027447296142578126,1466.51953125
496.0,0.01518563175201416,1466.51953125
497.0,0.013029600143432617,1466.51953125
498.0,0.009249024391174317,1466.51953125
499.0,0.00851583957672119,1466.51953125
500.0,0.011677696228027343,1466.51953125
501.0,0.008721023559570313,1466.51953125
502.0,0.008855327606201172,1466.51953125
503.0,0.008929856300354004,1466.51953125
504.0,0.009598688125610351,1466.51953125
505.0,0.011915488243103027,1466.51953125
506.0,0.010160127639770507,1466.51953125
507.0,0.009916704177856445,1466.51953125
508.0,0.009618687629699706,1466.51953125
509.0,0.009425024032592773,1466.51953125
510.0,0.009584832191467284,1466.51953125
511.0,0.012615327835083007,1466.51953125
512.0,0.008437824249267579,1466.51953125
513.0,0.008637184143066407,1466.51953125
514.0,0.009537568092346191,1466.51953125
515.0,0.012384960174560547,1466.51953125
516.0,0.009091808319091796,1466.51953125
517.0,0.00936355209350586,1466.51953125
518.0,0.02991926383972168,1466.51953125
519.0,0.012312159538269044,1466.51953125
520.0,0.011980159759521485,1466.51953125
521.0,0.011499456405639649,1466.51953125
522.0,0.011380160331726074,1466.51953125
523.0,0.0113056640625,1466.51953125
524.0,0.0110632963180542,1466.51953125
525.0,0.01043455982208252,1466.51953125
526.0,0.01569382381439209,1466.51953125
527.0,0.01165171241760254,1466.51953125
528.0,0.011775872230529786,1466.51953125
529.0,0.011733311653137207,1466.51953125
530.0,0.010909791946411132,1466.51953125
531.0,0.012212608337402344,1466.51953125
532.0,0.011514240264892579,1466.51953125
533.0,0.011146368026733399,1466.51953125
534.0,0.015144031524658203,1466.51953125
535.0,0.014503487586975098,1466.51953125
536.0,0.008933343887329102,1466.51953125
537.0,0.011180031776428222,1466.51953125
538.0,0.01102303981781006,1466.51953125
539.0,0.013167263984680176,1466.51953125
540.0,0.013929568290710449,1466.51953125
541.0,0.011186688423156739,1466.51953125
542.0,0.011214367866516113,1466.51953125
543.0,0.012011520385742188,1466.51953125
544.0,0.014606559753417969,1466.51953125
545.0,0.010807295799255372,1466.51953125
546.0,0.013687999725341796,1466.51953125
547.0,0.011651519775390626,1466.51953125
548.0,0.011471232414245606,1466.51953125
549.0,0.011922112464904785,1466.51953125
550.0,0.01263379192352295,1466.51953125
551.0,0.013162943840026855,1466.51953125
552.0,0.015970335960388184,1466.51953125
553.0,0.013448991775512696,1466.51953125
554.0,0.015333312034606934,1466.51953125
555.0,0.028858367919921874,1466.51953125
556.0,0.006938623905181885,1466.51953125
557.0,0.007683072090148926,1466.51953125
558.0,0.010950143814086915,1466.51953125
559.0,0.014331328392028808,1466.51953125
560.0,0.01092841625213623,1466.51953125
561.0,0.010690719604492187,1466.51953125
562.0,0.010448415756225586,1466.51953125
563.0,0.012073408126831055,1466.51953125
564.0,0.011892736434936524,1466.51953125
565.0,0.010481247901916504,1466.51953125
566.0,0.011848896026611329,1466.51953125
567.0,0.011960479736328125,1466.51953125
568.0,0.010373120307922363,1466.51953125
569.0,0.012203424453735352,1466.51953125
570.0,0.009558015823364258,1466.51953125
571.0,0.010919455528259278,1466.51953125
572.0,0.012760895729064942,1466.51953125
573.0,0.014919136047363281,1466.51953125
574.0,0.013134464263916016,1466.51953125
575.0,0.017023456573486327,1466.51953125
576.0,0.008956576347351074,1466.51953125
577.0,0.008861503601074218,1466.51953125
578.0,0.009371647834777832,1466.51953125
579.0,0.009210368156433106,1466.51953125
580.0,0.007020544052124023,1466.51953125
581.0,0.009547776222229003,1466.51953125
582.0,0.009299776077270509,1466.51953125
583.0,0.009054047584533691,1466.51953125
584.0,0.009169088363647462,1466.51953125
585.0,0.006903584003448486,1466.51953125
586.0,0.010231807708740234,1466.51953125
587.0,0.00856383991241455,1466.51953125
588.0,0.00926688003540039,1466.51953125
589.0,0.011400959968566894,1466.51953125
590.0,0.01132953643798828,1466.51953125
591.0,0.0088307523727417,1466.51953125
592.0,0.04073311996459961,1466.51953125
593.0,0.010947936058044434,1466.51953125
594.0,0.0175063362121582,1466.51953125
595.0,0.012138496398925782,1466.51953125
596.0,0.012257280349731446,1466.51953125
597.0,0.015722463607788086,1466.51953125
598.0,0.013658016204833985,1466.51953125
599.0,0.012900927543640136,1466.51953125
600.0,0.012701279640197754,1466.51953125
601.0,0.00910108757019043,1466.51953125
602.0,0.011640383720397949,1466.51953125
603.0,0.012360480308532715,1466.51953125
604.0,0.010339615821838379,1466.51953125
605.0,0.006107295989990234,1466.51953125
606.0,0.006096896171569824,1466.51953125
607.0,0.011356032371520997,1466.51953125
608.0,0.012713151931762695,1466.51953125
609.0,0.01073971176147461,1466.51953125
610.0,0.008306816101074218,1466.51953125
611.0,0.009654656410217285,1466.51953125
612.0,0.012200799942016602,1466.51953125
613.0,0.013640192031860352,1466.51953125
614.0,0.012840959548950195,1466.51953125
615.0,0.012572896003723145,1466.51953125
616.0,0.01335910415649414,1466.51953125
617.0,0.01099561595916748,1466.51953125
618.0,0.008623295783996583,1466.51953125
619.0,0.00942204761505127,1466.51953125
620.0,0.008989055633544922,1466.51953125
621.0,0.012816351890563965,1466.51953125
622.0,0.013854720115661622,1466.51953125
623.0,0.013291520118713379,1466.51953125
624.0,0.01182153606414795,1466.51953125
625.0,0.008475168228149414,1466.51953125
626.0,0.007347328186035156,1466.51953125
627.0,0.008579296112060547,1466.51953125
628.0,0.008853535652160644,1466.51953125
629.0,0.023545696258544923,1466.51953125
630.0,0.016034847259521486,1466.51953125
631.0,0.011638784408569336,1466.51953125
632.0,0.01064345645904541,1466.51953125
633.0,0.011337632179260254,1466.51953125
634.0,0.011380415916442871,1466.51953125
635.0,0.010944512367248535,1466.51953125
636.0,0.010188351631164551,1466.51953125
637.0,0.0110448637008667,1466.51953125
638.0,0.01101369571685791,1466.51953125
639.0,0.010340127944946289,1466.51953125
640.0,0.010331104278564453,1466.51953125
641.0,0.010823040008544922,1466.51953125
642.0,0.011931648254394531,1466.51953125
643.0,0.011591520309448242,1466.51953125
644.0,0.009013248443603515,1466.51953125
645.0,0.010152256011962891,1466.51953125
646.0,0.01018188762664795,1466.51953125
647.0,0.01020697593688965,1466.51953125
648.0,0.011282464027404786,1466.51953125
649.0,0.01202790355682373,1466.51953125
650.0,0.010728992462158204,1466.9375
651.0,0.0117925443649292,1466.9375
652.0,0.010143487930297852,1466.9375
653.0,0.01206223964691162,1466.9375
654.0,0.012015616416931153,1466.9375
655.0,0.010251328468322754,1466.9375
656.0,0.011202719688415528,1466.9375
657.0,0.012582912445068359,1466.9375
658.0,0.012165023803710937,1466.9375
659.0,0.012090720176696778,1466.9375
660.0,0.010192511558532714,1466.9375
661.0,0.010464447975158692,1466.9375
662.0,0.009221983909606933,1466.9375
663.0,0.010141695976257324,1466.9375
664.0,0.01043887996673584,1466.9375
665.0,0.010467264175415039,1466.9375
666.0,0.0086179838180542,1466.9375
667.0,0.008267744064331055,1466.9375
668.0,0.02123139190673828,1466.9375
669.0,0.017055744171142577,1466.9375
670.0,0.01966694450378418,1466.9375
671.0,0.013056896209716796,1466.9375
672.0,0.014768128395080566,1466.9375
673.0,0.01715023994445801,1466.9375
674.0,0.016134847640991212,1466.9375
675.0,0.015131872177124023,1466.9375
676.0,0.014295040130615234,1466.9375
677.0,0.01581817626953125,1466.9375
678.0,0.015241951942443847,1466.9375
679.0,0.01845043182373047,1466.9375
680.0,0.013400351524353028,1466.9375
681.0,0.015811296463012697,1466.9375
682.0,0.014179136276245117,1466.9375
683.0,0.014176992416381836,1466.9375
684.0,0.014175200462341308,1466.9375
685.0,0.02253209686279297,1466.9375
686.0,0.010077216148376466,1466.9375
687.0,0.017176544189453125,1466.9375
688.0,0.012897536277770997,1466.9375
689.0,0.01401580810546875,1466.9375
690.0,0.012261152267456055,1466.9375
691.0,0.010108672142028808,1466.9375
692.0,0.012157600402832031,1466.9375
693.0,0.011380288124084472,1466.9375
694.0,0.01050268840789795,1466.9375
695.0,0.010120256423950195,1466.9375
696.0,0.009689151763916016,1466.9375
697.0,0.011339776039123535,1466.9375
698.0,0.010651968002319335,1466.9375
699.0,0.00873363208770752,1466.9375
700.0,0.011026047706604003,1466.9375
701.0,0.010363871574401856,1466.9375
702.0,0.01212947177886963,1466.9375
703.0,0.02142188835144043,1466.9375
704.0,0.006511104106903076,1466.9375
705.0,0.006836383819580078,1466.9375
706.0,0.006516992092132568,1466.9375
707.0,0.006653952121734619,1466.9375
708.0,0.006502336025238037,1466.9375
709.0,0.0063089599609375,1466.9375
710.0,0.006554495811462402,1466.9375
711.0,0.010364928245544434,1466.9375
712.0,0.011708383560180663,1466.9375
713.0,0.015958751678466797,1466.9375
714.0,0.014573856353759766,1466.9375
715.0,0.011472672462463378,1466.9375
716.0,0.015421119689941407,1466.9375
717.0,0.012355711936950684,1466.9375
718.0,0.01044275188446045,1466.9375
719.0,0.015268511772155761,1466.9375
720.0,0.012965791702270508,1466.9375
721.0,0.014440095901489258,1466.9375
722.0,0.010192128181457519,1466.9375
723.0,0.010129280090332031,1466.9375
724.0,0.015058943748474121,1466.9375
725.0,0.014269311904907227,1466.9375
726.0,0.010000384330749512,1466.9375
727.0,0.01519753646850586,1466.9375
728.0,0.008523136138916016,1466.9375
729.0,0.008988672256469727,1466.9375
730.0,0.015201760292053222,1466.9375
731.0,0.01002297592163086,1466.9375
732.0,0.011990655899047851,1466.9375
733.0,0.010876640319824219,1466.9375
734.0,0.010733440399169921,1466.9375
735.0,0.010786911964416505,1466.9375
736.0,0.010881216049194335,1466.9375
737.0,0.009933664321899413,1466.9375
738.0,0.008558591842651368,1466.9375
739.0,0.00959769630432129,1466.9375
740.0,0.00855564785003662,1466.9375
741.0,0.011197952270507813,1466.9375
742.0,0.011708255767822265,1466.9375
743.0,0.010901503562927246,1466.9375
744.0,0.011839679718017578,1466.9375
745.0,0.010932000160217285,1466.9375
746.0,0.0106396484375,1466.9375
747.0,0.010449695587158202,1466.9375
748.0,0.011920512199401856,1466.9375
749.0,0.010166272163391114,1466.9375
750.0,0.010172672271728515,1466.9375
751.0,0.010760191917419434,1466.9375
752.0,0.010170368194580079,1466.9375
753.0,0.012275712013244629,1466.9375
754.0,0.012052288055419922,1466.9375
755.0,0.010127360343933106,1466.9375
756.0,0.011046527862548828,1466.9375
757.0,0.010190848350524903,1466.9375
758.0,0.010094240188598632,1466.9375
759.0,0.008983103752136231,1466.9375
760.0,0.010139328002929687,1466.9375
761.0,0.010043392181396485,1466.9375
762.0,0.011193663597106933,1466.9375
763.0,0.010115967750549317,1466.9375
764.0,0.010963168144226074,1466.9375
765.0,0.011314528465270996,1466.9375
766.0,0.011530240058898926,1466.9375
767.0,0.011302687644958497,1466.9375
768.0,0.014924287796020508,1466.9375
769.0,0.010971296310424804,1466.9375
770.0,0.014218688011169434,1466.9375
771.0,0.01856879997253418,1466.9375
772.0,0.014454784393310547,1466.9375
773.0,0.00911359977722168,1466.9375
774.0,0.009095071792602539,1467.71875
775.0,0.008672032356262207,1467.71875
776.0,0.008486623764038087,1467.71875
777.0,0.010989055633544922,1467.71875
778.0,0.007673279762268066,1467.71875
779.0,0.007576896190643311,1467.71875
780.0,0.02834636878967285,1467.71875
781.0,0.01072332763671875,1467.71875
782.0,0.010684415817260743,1467.71875
783.0,0.006251935958862305,1467.71875
784.0,0.012257823944091797,1467.71875
785.0,0.0059088640213012696,1467.71875
786.0,0.012002880096435548,1467.71875
787.0,0.012519359588623047,1467.71875
788.0,0.005419680118560791,1467.71875
789.0,0.01073305606842041,1467.71875
790.0,0.008204287528991699,1467.71875
791.0,0.010258432388305663,1467.71875
792.0,0.011317376136779786,1467.71875
793.0,0.009196895599365235,1467.71875
794.0,0.008228863716125488,1467.71875
795.0,0.015978528022766114,1467.71875
796.0,0.01600592041015625,1467.71875
797.0,0.012516415596008301,1467.71875
798.0,0.020341344833374023,1467.71875
799.0,0.01491763210296631,1467.71875
800.0,0.019597856521606446,1467.71875
801.0,0.014791775703430175,1467.71875
802.0,0.01772153663635254,1467.71875
803.0,0.01495631980895996,1467.71875
804.0,0.013109248161315918,1467.71875
805.0,0.015126399993896485,1467.71875
806.0,0.012537440299987794,1467.71875
807.0,0.014055359840393066,1467.71875
808.0,0.016066560745239256,1467.71875
809.0,0.008094079971313476,1467.71875
810.0,0.015256832122802735,1467.71875
811.0,0.014019040107727051,1467.71875
812.0,0.015396384239196778,1467.71875
813.0,0.014261152267456055,1467.71875
814.0,0.048505119323730465,1467.71875
815.0,0.017618335723876954,1467.71875
816.0,0.012216223716735839,1467.71875
817.0,0.011411456108093262,1467.71875
818.0,0.00862003231048584,1467.71875
819.0,0.011506976127624512,1467.71875
820.0,0.008728511810302734,1467.71875
821.0,0.008879551887512207,1467.71875
822.0,0.010950655937194824,1467.71875
823.0,0.006799359798431396,1467.71875
824.0,0.010928544044494629,1467.71875
825.0,0.008865792274475098,1467.71875
826.0,0.009735712051391602,1467.71875
827.0,0.008863712310791015,1467.71875
828.0,0.0065474557876586915,1467.71875
829.0,0.006649280071258545,1467.71875
830.0,0.008880127906799316,1467.71875
831.0,0.008635871887207032,1467.71875
832.0,0.008771424293518066,1467.71875
833.0,0.00995404815673828,1467.71875
834.0,0.0084617919921875,1467.71875
835.0,0.010980031967163085,1467.71875
836.0,0.009034367561340332,1467.71875
837.0,0.02097990417480469,1467.71875
838.0,0.010235903739929199,1467.71875
839.0,0.011800000190734863,1467.71875
840.0,0.010276927947998046,1467.71875
841.0,0.010336159706115722,1467.71875
842.0,0.008352928161621094,1467.71875
843.0,0.008503583908081055,1467.71875
844.0,0.008458399772644043,1467.71875
845.0,0.00909721565246582,1467.71875
846.0,0.008945664405822755,1467.71875
847.0,0.009351167678833008,1467.71875
848.0,0.008500415802001953,1467.71875
849.0,0.008769536018371582,1467.71875
850.0,0.009031999588012695,1467.71875
851.0,0.029068864822387696,1467.71875
852.0,0.008052895545959473,1467.71875
853.0,0.013103551864624023,1467.71875
854.0,0.011243519783020019,1467.71875
855.0,0.009277440071105958,1467.71875
856.0,0.008915679931640625,1467.71875
857.0,0.009496928215026856,1467.71875
858.0,0.010457216262817383,1467.71875
859.0,0.008550399780273438,1467.71875
860.0,0.008418272018432617,1467.71875
861.0,0.008554752349853516,1467.71875
862.0,0.008519328117370606,1467.71875
863.0,0.008594847679138184,1467.71875
864.0,0.009515007972717286,1467.71875
865.0,0.010040384292602539,1467.71875
866.0,0.008702079772949218,1467.71875
867.0,0.021268320083618165,1467.71875
868.0,0.013770751953125,1467.71875
869.0,0.011747743606567383,1467.71875
870.0,0.021093151092529298,1467.71875
871.0,0.01347379207611084,1467.71875
872.0,0.00979251194000244,1467.71875
873.0,0.006974495887756347,1467.71875
874.0,0.00629420804977417,1467.71875
875.0,0.008602527618408204,1467.71875
876.0,0.007798240184783935,1467.71875
877.0,0.01174681568145752,1467.71875
878.0,0.006208799839019776,1467.71875
879.0,0.006545407772064209,1467.71875
880.0,0.012195839881896972,1467.71875
881.0,0.008689215660095215,1467.71875
882.0,0.004588672161102295,1467.71875
883.0,0.007332672119140625,1467.71875
884.0,0.010122976303100585,1467.71875
885.0,0.008419936180114745,1467.71875
886.0,0.007717152118682861,1467.71875
887.0,0.005967872142791748,1467.71875
888.0,0.02918604850769043,1467.71875
889.0,0.007053311824798584,1467.71875
890.0,0.009497599601745605,1467.71875
891.0,0.009183903694152833,1467.71875
892.0,0.011205120086669922,1467.71875
893.0,0.012004480361938477,1467.71875
894.0,0.017278976440429687,1467.71875
895.0,0.014971360206604004,1467.71875
896.0,0.011088576316833496,1467.71875
897.0,0.009373696327209472,1467.71875
898.0,0.010066176414489746,1467.71875
899.0,0.010877504348754882,1467.71875
900.0,0.008271360397338867,1467.71875
901.0,0.011053055763244628,1467.71875
902.0,0.011382559776306152,1467.71875
903.0,0.008731103897094727,1467.71875
904.0,0.00863599967956543,1467.71875
905.0,0.010205183982849121,1467.71875
906.0,0.00918899154663086,1467.71875
907.0,0.00897920036315918,1467.71875
908.0,0.007911583900451661,1467.71875
909.0,0.011860287666320801,1467.71875
910.0,0.008593088150024413,1467.71875
911.0,0.008568479537963867,1467.71875
912.0,0.010483712196350097,1467.71875
913.0,0.011673600196838378,1467.71875
914.0,0.009820351600646973,1467.71875
915.0,0.010123552322387696,1467.71875
916.0,0.010225664138793946,1467.71875
917.0,0.009894047737121582,1467.71875
918.0,0.009799488067626953,1467.71875
919.0,0.010086432456970214,1467.71875
920.0,0.011239775657653809,1467.71875
921.0,0.012077055931091308,1467.71875
922.0,0.014922176361083984,1467.71875
923.0,0.014202879905700684,1467.71875
924.0,0.009160799980163574,1467.71875
925.0,0.05692614364624023,1467.71875
926.0,0.016508575439453124,1467.71875
927.0,0.01096726417541504,1467.71875
928.0,0.011712736129760742,1467.71875
929.0,0.01154691219329834,1467.71875
930.0,0.010909600257873535,1467.71875
931.0,0.010537055969238282,1467.71875
932.0,0.011501567840576172,1467.71875
933.0,0.013004799842834473,1467.71875
934.0,0.007805088043212891,1467.71875
935.0,0.00775984001159668,1467.71875
936.0,0.0076444802284240726,1467.71875
937.0,0.007773600101470947,1467.71875
938.0,0.008681023597717285,1467.71875
939.0,0.007751423835754395,1467.71875
940.0,0.007874944210052491,1467.71875
941.0,0.012776991844177247,1467.71875
942.0,0.010872832298278809,1467.71875
943.0,0.007660895824432373,1467.71875
944.0,0.007649312019348145,1467.71875
945.0,0.012856191635131835,1467.71875
946.0,0.008936127662658692,1467.71875
947.0,0.011258496284484863,1467.71875
948.0,0.011682304382324218,1467.71875
949.0,0.018682432174682618,1467.71875
950.0,0.01104691219329834,1467.71875
951.0,0.01202124786376953,1467.71875
952.0,0.01125376033782959,1467.71875
953.0,0.009103263854980469,1467.71875
954.0,0.011184255599975585,1467.71875
955.0,0.008976223945617676,1467.71875
956.0,0.01174287986755371,1467.71875
957.0,0.012715359687805176,1467.71875
958.0,0.01061292839050293,1467.71875
959.0,0.01063526439666748,1467.71875
960.0,0.012189536094665528,1467.71875
961.0,0.012851200103759765,1467.71875
962.0,0.02776473617553711,1467.71875
963.0,0.01144422435760498,1467.71875
964.0,0.013670368194580078,1467.71875
965.0,0.022829055786132812,1467.71875
966.0,0.015195712089538575,1467.71875
967.0,0.012820480346679687,1467.71875
968.0,0.008363903999328614,1467.71875
969.0,0.014248800277709962,1467.71875
970.0,0.013182559967041015,1467.71875
971.0,0.017045215606689455,1467.71875
972.0,0.008618399620056153,1467.71875
973.0,0.019306495666503908,1467.71875
974.0,0.014852671623229981,1467.71875
975.0,0.008968192100524902,1467.71875
976.0,0.009002816200256348,1467.71875
977.0,0.008934911727905273,1467.71875
978.0,0.008943103790283203,1467.71875
979.0,0.009260224342346192,1467.71875
980.0,0.014028800010681153,1467.71875
981.0,0.007389535903930664,1467.71875
982.0,0.014909215927124023,1467.71875
983.0,0.014694463729858399,1467.71875
984.0,0.012789759635925293,1467.71875
985.0,0.012909664154052734,1467.71875
986.0,0.011895039558410644,1467.71875
987.0,0.01752448081970215,1467.71875
988.0,0.023764480590820314,1467.71875
989.0,0.007476704120635986,1467.71875
990.0,0.01280832004547119,1467.71875
991.0,0.013233375549316407,1467.71875
992.0,0.008527775764465333,1467.71875
993.0,0.010737664222717285,1467.71875
994.0,0.012390368461608887,1467.71875
995.0,0.0087326717376709,1467.71875
996.0,0.0069120960235595705,1467.71875
997.0,0.008406880378723145,1467.71875
998.0,0.008448320388793945,1467.71875
999.0,0.015013888359069824,1467.71875
1000.0,0.0175599365234375,1467.71875
1001.0,0.01879449653625488,1467.71875
1002.0,0.019755231857299806,1467.71875
1003.0,0.016062463760375977,1467.71875
1004.0,0.013914112091064454,1467.71875
1005.0,0.014432255744934081,1467.71875
1006.0,0.013088768005371093,1467.71875
1007.0,0.01240278434753418,1467.71875
1008.0,0.014456224441528321,1467.71875
1009.0,0.013494624137878417,1467.71875
1010.0,0.013459775924682617,1467.71875
1011.0,0.013707903861999512,1467.71875
1012.0,0.013383392333984376,1467.71875
1013.0,0.013426431655883789,1467.71875
1014.0,0.01291209602355957,1467.71875
1015.0,0.012495936393737793,1467.71875
1016.0,0.012605183601379395,1467.71875
1017.0,0.013049856185913086,1467.71875
1018.0,0.012452511787414551,1467.71875
1019.0,0.01409500789642334,1467.71875
1020.0,0.019132991790771485,1467.71875
1021.0,0.010729472160339355,1467.71875
1022.0,0.01414742374420166,1467.71875
1023.0,0.013803584098815918,1467.71875
1024.0,0.012396544456481933,1467.71875
1025.0,0.011797984123229981,1467.71875
1026.0,0.014667776107788086,1467.71875
1027.0,0.014202848434448242,1467.71875
1028.0,0.013340288162231446,1467.71875
1029.0,0.017524736404418945,1467.71875
1030.0,0.012797951698303223,1467.71875
1031.0,0.0124518404006958,1467.71875
1032.0,0.013055999755859376,1467.71875
1033.0,0.012955648422241211,1467.71875
1034.0,0.015093695640563965,1467.71875
1035.0,0.014221216201782226,1467.71875
1036.0,0.018104320526123048,1467.71875
1037.0,0.007565408229827881,1467.71875
1038.0,0.007757311820983887,1467.71875
1039.0,0.007143263816833496,1467.71875
1040.0,0.03362201690673828,1467.71875
1041.0,0.012203295707702637,1467.71875
1042.0,0.010795007705688477,1467.71875
1043.0,0.010503520011901855,1467.71875
1044.0,0.014074975967407227,1467.71875
1045.0,0.010430432319641114,1467.71875
1046.0,0.011438079833984375,1467.71875
1047.0,0.008791296005249024,1467.71875
1048.0,0.011021087646484375,1467.71875
1049.0,0.010927871704101562,1467.71875
1050.0,0.01045094394683838,1467.71875
1051.0,0.011122464179992676,1467.71875
1052.0,0.010463071823120116,1467.71875
1053.0,0.010516799926757813,1467.71875
1054.0,0.011086560249328614,1467.71875
1055.0,0.010850943565368653,1467.71875
1056.0,0.013121536254882812,1467.71875
1057.0,0.012976063728332519,1467.71875
1058.0,0.012107744216918945,1467.71875
1059.0,0.01278604793548584,1467.71875
1060.0,0.011841631889343262,1467.71875
1061.0,0.012161151885986328,1467.71875
1062.0,0.011569184303283691,1467.71875
1063.0,0.012249055862426758,1467.71875
1064.0,0.012279808044433594,1467.71875
1065.0,0.012191712379455566,1467.71875
1066.0,0.011093567848205567,1467.71875
1067.0,0.012234527587890625,1467.71875
1068.0,0.012083392143249511,1467.71875
1069.0,0.012888064384460449,1467.71875
1070.0,0.011194463729858398,1467.71875
1071.0,0.014151616096496582,1467.71875
1072.0,0.008922944068908692,1467.71875
1073.0,0.036047584533691404,1467.71875
1074.0,0.01591983985900879,1467.71875
1075.0,0.015149056434631348,1467.71875
1076.0,0.008255583763122559,1467.71875
1077.0,0.00865932846069336,1467.71875
1078.0,0.00823423957824707,1467.71875
1079.0,0.007837696075439453,1467.71875
1080.0,0.007781119823455811,1467.71875
1081.0,0.007536608219146729,1467.71875
1082.0,0.007806144237518311,1467.71875
1083.0,0.00802406406402588,1467.71875
1084.0,0.007679359912872314,1467.71875
1085.0,0.006496255874633789,1467.71875
1086.0,0.00762275218963623,1467.71875
1087.0,0.008848671913146972,1467.71875
1088.0,0.008511487960815429,1467.71875
1089.0,0.008777728080749512,1467.71875
1090.0,0.007867712020874024,1467.71875
1091.0,0.00780083179473877,1467.71875
1092.0,0.007845151901245117,1467.71875
1093.0,0.00775324821472168,1467.71875
1094.0,0.007612512111663818,1467.71875
1095.0,0.007710720062255859,1467.71875
1096.0,0.0077478718757629395,1467.71875
1097.0,0.007567071914672851,1467.71875
1098.0,0.007603807926177979,1467.71875
1099.0,0.009092927932739258,1467.71875
1100.0,0.014812800407409668,1467.71875
1101.0,0.015045920372009277,1467.71875
1102.0,0.011868000030517578,1467.71875
1103.0,0.013266592025756837,1467.71875
1104.0,0.009147168159484863,1467.71875
1105.0,0.008884127616882325,1467.71875
1106.0,0.008123583793640136,1467.71875
1107.0,0.007686912059783935,1467.71875
1108.0,0.01486847972869873,1467.71875
1109.0,0.015112192153930663,1467.71875
1110.0,0.018737855911254882,1467.71875
1111.0,0.007010208129882812,1467.71875
1112.0,0.006632512092590332,1467.71875
1113.0,0.0064347200393676755,1467.71875
1114.0,0.006464479923248291,1467.71875
1115.0,0.004820991992950439,1467.71875
1116.0,0.006227519989013672,1467.71875
1117.0,0.006131680011749268,1467.71875
1118.0,0.013630240440368653,1467.71875
1119.0,0.008339455604553223,1467.71875
1120.0,0.009623711585998534,1467.71875
1121.0,0.006065375804901123,1467.71875
1122.0,0.006044095993041993,1467.71875
1123.0,0.006014976024627685,1467.71875
1124.0,0.006701471805572509,1467.71875
1125.0,0.01015827178955078,1467.71875
1126.0,0.010499967575073241,1467.71875
1127.0,0.006100992202758789,1467.71875
1128.0,0.006047359943389893,1467.71875
1129.0,0.006511648178100586,1467.71875
1130.0,0.01005568027496338,1467.71875
1131.0,0.0060696320533752445,1467.71875
1132.0,0.006055808067321778,1467.71875
1133.0,0.011317567825317383,1467.71875
1134.0,0.006039199829101563,1467.71875
1135.0,0.006036320209503174,1467.71875
1136.0,0.007710720062255859,1467.71875
1137.0,0.010500127792358399,1467.71875
1138.0,0.010196991920471191,1467.71875
1139.0,0.012125056266784668,1467.71875
1140.0,0.009586272239685058,1467.71875
1141.0,0.010576607704162598,1467.71875
1142.0,0.011911168098449706,1467.71875
1143.0,0.011202655792236327,1467.71875
1144.0,0.01064345645904541,1467.71875
1145.0,0.009933279991149903,1467.71875
1146.0,0.008666527748107911,1467.71875
1147.0,0.04316614532470703,1467.71875
1148.0,0.017022975921630858,1467.71875
1149.0,0.016282751083374025,1467.71875
1150.0,0.01130463981628418,1467.71875
1151.0,0.008132448196411133,1467.71875
1152.0,0.010649791717529297,1467.71875
1153.0,0.008940640449523926,1467.71875
1154.0,0.008851103782653809,1467.71875
1155.0,0.010160639762878418,1467.71875
1156.0,0.009684991836547852,1467.71875
1157.0,0.010151935577392577,1467.71875
1158.0,0.010663935661315918,1467.71875
1159.0,0.009092384338378907,1467.71875
1160.0,0.009089183807373048,1467.71875
1161.0,0.009679967880249024,1467.71875
1162.0,0.009934847831726074,1467.71875
1163.0,0.008480768203735351,1467.71875
1164.0,0.01681817626953125,1467.71875
1165.0,0.01111843204498291,1467.71875
1166.0,0.011593728065490723,1467.71875
1167.0,0.010504192352294921,1467.71875
1168.0,0.01198896026611328,1467.71875
1169.0,0.011010111808776856,1467.71875
1170.0,0.010603263854980468,1467.71875
1171.0,0.010408415794372558,1467.71875
1172.0,0.011178848266601562,1467.71875
1173.0,0.013446144104003906,1467.71875
1174.0,0.0101212158203125,1467.71875
1175.0,0.01013759994506836,1467.71875
1176.0,0.010282655715942383,1467.71875
1177.0,0.01255628776550293,1467.71875
1178.0,0.01081488037109375,1467.71875
1179.0,0.011439680099487304,1467.71875
1180.0,0.010043392181396485,1467.71875
1181.0,0.010981760025024413,1467.71875
1182.0,0.010180480003356933,1467.71875
1183.0,0.010510335922241211,1467.71875
1184.0,0.023263040542602538,1467.71875
1185.0,0.013916607856750488,1467.71875
1186.0,0.019668991088867188,1467.71875
1187.0,0.010819744110107422,1467.71875
1188.0,0.011579872131347656,1467.71875
1189.0,0.010931648254394532,1467.71875
1190.0,0.011000479698181152,1467.71875
1191.0,0.01049619197845459,1467.71875
1192.0,0.012334943771362305,1467.71875
1193.0,0.011431167602539063,1467.71875
1194.0,0.009844736099243164,1467.71875
1195.0,0.011030176162719726,1467.71875
1196.0,0.010348768234252929,1467.71875
1197.0,0.01276313591003418,1467.71875
1198.0,0.010393312454223633,1467.71875
1199.0,0.012800000190734863,1467.71875
1200.0,0.011205727577209473,1467.71875
1201.0,0.008945823669433594,1467.71875
1202.0,0.008792384147644043,1467.71875
1203.0,0.008873984336853028,1467.71875
1204.0,0.008747008323669434,1467.71875
1205.0,0.008788640022277833,1467.71875
1206.0,0.010372415542602539,1467.71875
1207.0,0.011980735778808593,1467.71875
1208.0,0.009699328422546387,1467.71875
1209.0,0.014931615829467773,1467.71875
1210.0,0.0170447998046875,1467.71875
1211.0,0.013091456413269044,1467.71875
1212.0,0.014589792251586913,1467.71875
1213.0,0.0064126400947570805,1467.71875
1214.0,0.009538559913635255,1467.71875
1215.0,0.013282815933227539,1467.71875
1216.0,0.009076576232910156,1467.71875
1217.0,0.013072511672973634,1467.71875
1218.0,0.013875200271606445,1467.71875
1219.0,0.010339743614196777,1467.71875
1220.0,0.0088985595703125,1467.71875
1221.0,0.01049385643005371,1467.71875
1222.0,0.020393087387084962,1467.71875
1223.0,0.02188287925720215,1467.71875
1224.0,0.02410767936706543,1467.71875
1225.0,0.012830719947814942,1467.71875
1226.0,0.01132476806640625,1467.71875
1227.0,0.01375216007232666,1467.71875
1228.0,0.013395039558410645,1467.71875
1229.0,0.015073280334472656,1467.71875
1230.0,0.013928768157958984,1467.71875
1231.0,0.00652950382232666,1467.71875
1232.0,0.018782527923583984,1467.71875
1233.0,0.016246463775634764,1467.71875
1234.0,0.016497119903564453,1467.71875
1235.0,0.010971263885498047,1467.71875
1236.0,0.015343168258666991,1467.71875
1237.0,0.01073356819152832,1467.71875
1238.0,0.0064102401733398436,1467.71875
1239.0,0.0042993597984313965,1467.71875
1240.0,0.010598367691040039,1467.71875
1241.0,0.00603219223022461,1467.71875
1242.0,0.005905151844024658,1467.71875
1243.0,0.006173215866088867,1467.71875
1244.0,0.005964479923248291,1467.71875
1245.0,0.004435935974121094,1467.71875
1246.0,0.005960896015167237,1467.71875
1247.0,0.012667519569396973,1467.71875
1248.0,0.006131711959838867,1467.71875
1249.0,0.011951104164123535,1467.71875
1250.0,0.010586848258972168,1467.71875
1251.0,0.010065983772277833,1467.71875
1252.0,0.010736960411071778,1467.71875
1253.0,0.014215519905090332,1467.71875
1254.0,0.01015449619293213,1467.71875
1255.0,0.01084620761871338,1467.71875
1256.0,0.010211808204650879,1467.71875
1257.0,0.012044896125793457,1467.71875
1258.0,0.019041536331176757,1467.71875
1259.0,0.015796544075012207,1467.71875
1260.0,0.011370783805847167,1467.71875
1261.0,0.015714431762695314,1467.71875
1262.0,0.010895711898803711,1467.71875
1263.0,0.011234592437744141,1467.71875
1264.0,0.02962227249145508,1467.71875
1265.0,0.021735424041748046,1467.71875
1266.0,0.010719679832458496,1467.71875
1267.0,0.012839391708374023,1467.71875
1268.0,0.013262592315673827,1467.71875
1269.0,0.019420799255371095,1467.71875
1270.0,0.013311936378479003,1467.71875
1271.0,0.012179327964782714,1467.71875
1272.0,0.014888319969177246,1467.71875
1273.0,0.011184096336364746,1467.71875
1274.0,0.01019871997833252,1467.71875
1275.0,0.010174464225769043,1467.71875
1276.0,0.011530143737792969,1467.71875
1277.0,0.010743776321411132,1467.71875
1278.0,0.010204000473022461,1467.71875
1279.0,0.011301312446594238,1467.71875
1280.0,0.01114361572265625,1467.71875
1281.0,0.0110796480178833,1467.71875
1282.0,0.010784031867980957,1467.71875
1283.0,0.011458847999572754,1467.71875
1284.0,0.009947135925292968,1467.71875
1285.0,0.010577983856201172,1467.71875
1286.0,0.011050784111022949,1467.71875
1287.0,0.012208160400390624,1467.71875
1288.0,0.010852000236511231,1467.71875
1289.0,0.011155455589294434,1467.71875
1290.0,0.008599807739257812,1467.71875
1291.0,0.00990822410583496,1467.71875
1292.0,0.012289728164672852,1467.71875
1293.0,0.010802783966064454,1467.71875
1294.0,0.011100799560546874,1467.71875
1295.0,0.019419071197509765,1467.71875
1296.0,0.014418848037719726,1467.71875
1297.0,0.010342911720275879,1467.71875
1298.0,0.015470463752746582,1467.71875
1299.0,0.010260479927062988,1467.71875
1300.0,0.010373920440673827,1467.71875
1301.0,0.014904800415039063,1467.71875
1302.0,0.013066911697387695,1467.71875
1303.0,0.013187423706054687,1467.71875
1304.0,0.014178655624389648,1467.71875
1305.0,0.013946623802185058,1467.71875
1306.0,0.01422214412689209,1467.71875
1307.0,0.0139716157913208,1467.71875
1308.0,0.02120956802368164,1467.71875
1309.0,0.014970879554748535,1467.71875
1310.0,0.012822303771972656,1467.71875
1311.0,0.009502719879150391,1467.71875
1312.0,0.008679648399353028,1467.71875
1313.0,0.008405823707580567,1467.71875
1314.0,0.009584639549255371,1467.71875
1315.0,0.006787424087524414,1467.71875
1316.0,0.008966143608093263,1467.71875
1317.0,0.0085696964263916,1467.71875
1318.0,0.00960867214202881,1467.71875
1319.0,0.008341504096984862,1467.71875
1320.0,0.008312735557556152,1467.71875
1321.0,0.009953280448913575,1467.71875
1322.0,0.008316736221313476,1467.71875
1323.0,0.009551872253417968,1467.71875
1324.0,0.010359007835388184,1467.71875
1325.0,0.0083372802734375,1467.71875
1326.0,0.00866547203063965,1467.71875
1327.0,0.0119302396774292,1467.71875
1328.0,0.008452159881591797,1467.71875
1329.0,0.009148608207702637,1467.71875
1330.0,0.008929280281066895,1467.71875
1331.0,0.008461471557617187,1467.71875
1332.0,0.023560192108154295,1467.71875
1333.0,0.00946604824066162,1467.71875
1334.0,0.007782400131225586,1467.71875
1335.0,0.005585919857025146,1467.71875
1336.0,0.010735648155212402,1467.71875
1337.0,0.016066911697387696,1467.71875
1338.0,0.011752287864685058,1467.71875
1339.0,0.016499904632568358,1467.71875
1340.0,0.00890499210357666,1467.71875
1341.0,0.011015999794006347,1467.71875
1342.0,0.011856831550598145,1467.71875
1343.0,0.011622400283813476,1467.71875
1344.0,0.011368703842163087,1467.71875
1345.0,0.01102847957611084,1467.71875
1346.0,0.01306828784942627,1467.71875
1347.0,0.010814208030700684,1467.71875
1348.0,0.012105728149414062,1467.71875
1349.0,0.010413984298706054,1467.71875
1350.0,0.010352895736694337,1467.71875
1351.0,0.010022175788879395,1467.71875
1352.0,0.010891263961791992,1467.71875
1353.0,0.012105728149414062,1467.71875
1354.0,0.011464320182800292,1467.71875
1355.0,0.010041952133178711,1467.71875
1356.0,0.011992639541625976,1467.71875
1357.0,0.009488127708435058,1467.71875
1358.0,0.010125823974609375,1467.71875
1359.0,0.010850175857543946,1467.71875
1360.0,0.01008243179321289,1467.71875
1361.0,0.010057727813720703,1467.71875
1362.0,0.015033056259155273,1467.71875
1363.0,0.010086400032043457,1467.71875
1364.0,0.010170592308044433,1467.71875
1365.0,0.015843008041381838,1467.71875
1366.0,0.010199040412902831,1467.71875
1367.0,0.015141568183898925,1467.71875
1368.0,0.012573280334472657,1467.71875
1369.0,0.013046976089477538,1467.71875
1370.0,0.006703455924987793,1467.71875
1371.0,0.006352896213531494,1467.71875
1372.0,0.008700384140014648,1467.71875
1373.0,0.00860159969329834,1467.71875
1374.0,0.007029727935791015,1467.71875
1375.0,0.010455967903137207,1467.71875
1376.0,0.00611353588104248,1467.71875
1377.0,0.009555968284606933,1467.71875
1378.0,0.008495103836059571,1467.71875
1379.0,0.010182047843933105,1467.71875
1380.0,0.008378368377685547,1467.71875
1381.0,0.009904864311218262,1467.71875
1382.0,0.0069417600631713865,1467.71875
1383.0,0.010335712432861329,1467.71875
1384.0,0.010096320152282715,1467.71875
1385.0,0.008407039642333984,1467.71875
1386.0,0.009134783744812011,1467.71875
1387.0,0.010267775535583496,1467.71875
1388.0,0.008606335639953614,1467.71875
1389.0,0.00952672004699707,1467.71875
1390.0,0.00861740779876709,1467.71875
1391.0,0.008905216217041016,1467.71875
1392.0,0.009605440139770507,1467.71875
1393.0,0.012920319557189941,1467.71875
1394.0,0.015101951599121094,1467.71875
1395.0,0.014303232192993164,1467.71875
1396.0,0.00826956844329834,1467.71875
1397.0,0.008318976402282715,1467.71875
1398.0,0.009754624366760254,1467.71875
1399.0,0.008295807838439941,1467.71875
1400.0,0.00844422435760498,1467.71875
1401.0,0.010753984451293946,1467.71875
1402.0,0.00829366397857666,1467.71875
1403.0,0.008345600128173827,1467.71875
1404.0,0.010522496223449708,1467.71875
1405.0,0.010558719635009766,1467.71875
1406.0,0.019175424575805664,1467.71875
1407.0,0.014751775741577149,1467.71875
1408.0,0.008660639762878418,1467.71875
1409.0,0.007268352031707764,1467.71875
1410.0,0.007290815830230713,1467.71875
1411.0,0.0070891199111938474,1467.71875
1412.0,0.011776320457458496,1467.71875
1413.0,0.00928809642791748,1467.71875
1414.0,0.005488639831542969,1467.71875
1415.0,0.006649663925170898,1467.71875
1416.0,0.006571904182434082,1467.71875
1417.0,0.006666560173034668,1467.71875
1418.0,0.009152352333068848,1467.71875
1419.0,0.010389280319213868,1467.71875
1420.0,0.0089169921875,1467.71875
1421.0,0.00597926378250122,1467.71875
1422.0,0.018124799728393554,1467.71875
1423.0,0.00940351963043213,1467.71875
1424.0,0.01224345588684082,1467.71875
1425.0,0.009303903579711914,1467.71875
1426.0,0.009429920196533203,1467.71875
1427.0,0.009274208068847656,1467.71875
1428.0,0.011402688026428222,1467.71875
1429.0,0.009961759567260742,1467.71875
1430.0,0.008935423851013183,1467.71875
1431.0,0.010786815643310547,1467.71875
1432.0,0.00974233627319336,1467.71875
1433.0,0.008268223762512208,1467.71875
1434.0,0.010903231620788574,1467.71875
1435.0,0.009703424453735352,1467.71875
1436.0,0.009528032302856445,1467.71875
1437.0,0.009025535583496093,1467.71875
1438.0,0.01141430377960205,1467.71875
1439.0,0.010816991806030274,1467.71875
1440.0,0.008814240455627441,1467.71875
1441.0,0.008995776176452636,1467.71875
1442.0,0.011199968338012695,1467.71875
1443.0,0.026626047134399415,1467.71875
1444.0,0.0080282564163208,1467.71875
1445.0,0.008489472389221191,1467.71875
1446.0,0.0064672322273254396,1467.71875
1447.0,0.014797120094299317,1467.71875
1448.0,0.006621183872222901,1467.71875
1449.0,0.005138432025909424,1467.71875
1450.0,0.011651071548461914,1467.71875
1451.0,0.012404383659362793,1467.71875
1452.0,0.006078303813934326,1467.71875
1453.0,0.010817119598388672,1467.71875
1454.0,0.005887519836425781,1467.71875
1455.0,0.010803359985351563,1467.71875
1456.0,0.015148896217346192,1467.71875
1457.0,0.012543840408325195,1467.71875
1458.0,0.012031999588012696,1467.71875
1459.0,0.010997759819030761,1467.71875
1460.0,0.011049568176269531,1467.71875
1461.0,0.006645760059356689,1467.71875
1462.0,0.007153664112091064,1467.71875
1463.0,0.007313951969146728,1467.71875
1464.0,0.00648799991607666,1467.71875
1465.0,0.006162432193756104,1467.71875
1466.0,0.016079904556274414,1467.71875
1467.0,0.006752255916595459,1467.71875
1468.0,0.00689731216430664,1467.71875
1469.0,0.008993727684020996,1467.71875
1470.0,0.007432511806488037,1467.71875
1471.0,0.0119868803024292,1467.71875
1472.0,0.00882697582244873,1467.71875
1473.0,0.013185183525085449,1467.71875
1474.0,0.009955743789672851,1467.71875
1475.0,0.009724384307861328,1467.71875
1476.0,0.009510815620422363,1467.71875
1477.0,0.008976703643798828,1467.71875
1478.0,0.008484288215637207,1467.71875
1479.0,0.008488096237182618,1467.71875
1480.0,0.030124576568603515,1467.71875
1481.0,0.019644704818725586,1467.71875
1482.0,0.007404736042022705,1467.71875
1483.0,0.010219807624816895,1467.71875
1484.0,0.012064736366271972,1467.71875
1485.0,0.01139510440826416,1467.71875
1486.0,0.011020992279052734,1467.71875
1487.0,0.012383968353271484,1467.71875
1488.0,0.011749088287353516,1467.71875
1489.0,0.011066656112670898,1467.71875
1490.0,0.010848256111145019,1467.71875
1491.0,0.012736512184143066,1467.71875
1492.0,0.012008768081665039,1467.71875
1493.0,0.00905622386932373,1467.71875
1494.0,0.0106496000289917,1467.71875
1495.0,0.010794336318969727,1467.71875
1496.0,0.015673279762268066,1467.71875
1497.0,0.012306431770324706,1467.71875
1498.0,0.017227615356445312,1467.71875
1499.0,0.015164608001708985,1467.71875
1500.0,0.01494035243988037,1467.71875
1501.0,0.01758028793334961,1467.71875
1502.0,0.013574175834655762,1467.71875
1503.0,0.01094809627532959,1467.71875
1504.0,0.012075008392333985,1467.71875
1505.0,0.014020223617553711,1467.71875
1506.0,0.011964447975158691,1467.71875
1507.0,0.015269472122192382,1467.71875
1508.0,0.010986880302429199,1467.71875
1509.0,0.013072383880615235,1467.71875
1510.0,0.022540672302246094,1467.71875
1511.0,0.015796735763549806,1467.71875
1512.0,0.01115340805053711,1467.71875
1513.0,0.029949344635009766,1467.71875
1514.0,0.013481344223022461,1467.71875
1515.0,0.009541631698608399,1467.71875
1516.0,0.009532704353332519,1467.71875
1517.0,0.010477567672729492,1467.71875
1518.0,0.012009471893310546,1467.71875
1519.0,0.009510911941528321,1467.71875
1520.0,0.006971231937408447,1467.71875
1521.0,0.007137279987335205,1467.71875
1522.0,0.006905856132507324,1467.71875
1523.0,0.011283455848693847,1467.71875
1524.0,0.007880799770355225,1467.71875
1525.0,0.011919360160827636,1467.71875
1526.0,0.0077209601402282715,1467.71875
1527.0,0.006148320198059082,1467.71875
1528.0,0.012011520385742188,1467.71875
1529.0,0.01051254367828369,1467.71875
1530.0,0.010107328414916992,1467.71875
1531.0,0.010366527557373047,1467.71875
1532.0,0.008885408401489258,1467.71875
1533.0,0.006160448074340821,1467.71875
1534.0,0.0060347518920898435,1467.71875
1535.0,0.005648128032684326,1467.71875
1536.0,0.012310527801513671,1467.71875
1537.0,0.006347936153411865,1467.71875
1538.0,0.007725056171417236,1467.71875
1539.0,0.006993408203125,1467.71875
1540.0,0.00614518404006958,1467.71875
1541.0,0.006297632217407227,1467.71875
1542.0,0.006733376026153565,1467.71875
1543.0,0.01189356803894043,1467.71875
1544.0,0.012226559638977052,1467.71875
1545.0,0.01270143985748291,1467.71875
1546.0,0.012793855667114258,1467.71875
1547.0,0.01363263988494873,1467.71875
1548.0,0.008977375984191894,1467.71875
1549.0,0.011041376113891601,1467.71875
1550.0,0.010137696266174317,1467.71875
1551.0,0.011098112106323242,1467.71875
1552.0,0.010985471725463868,1467.71875
1553.0,0.009110400199890137,1467.71875
1554.0,0.021219327926635743,1467.71875
1555.0,0.007550367832183838,1467.71875
1556.0,0.008340191841125489,1467.71875
1557.0,0.015288224220275879,1467.71875
1558.0,0.017499263763427735,1467.71875
1559.0,0.013059904098510742,1467.71875
1560.0,0.01090924835205078,1467.71875
1561.0,0.01724006462097168,1467.71875
1562.0,0.016752639770507814,1467.71875
1563.0,0.015430303573608398,1467.71875
1564.0,0.012760895729064942,1467.71875
1565.0,0.013025055885314942,1467.71875
1566.0,0.009086784362792968,1467.71875
1567.0,0.0155480318069458,1467.71875
1568.0,0.01015379238128662,1467.71875
1569.0,0.010186752319335938,1467.71875
1570.0,0.009063712120056152,1467.71875
1571.0,0.008907423973083497,1467.71875
1572.0,0.015622464179992676,1467.71875
1573.0,0.007489535808563232,1467.71875
1574.0,0.008856831550598144,1467.71875
1575.0,0.008846688270568847,1467.71875
1576.0,0.009158080101013183,1467.71875
1577.0,0.009752575874328612,1467.71875
1578.0,0.009539584159851074,1467.71875
1579.0,0.006347839832305908,1467.71875
1580.0,0.006277760028839111,1467.71875
1581.0,0.010431839942932128,1467.71875
1582.0,0.008698559761047364,1467.71875
1583.0,0.010504863739013671,1467.71875
1584.0,0.010449184417724609,1467.71875
1585.0,0.005444320201873779,1467.71875
1586.0,0.006230016231536865,1467.71875
1587.0,0.006248447895050049,1467.71875
1588.0,0.008185952186584473,1467.71875
1589.0,0.009516960144042968,1467.71875
1590.0,0.006464511871337891,1467.71875
1591.0,0.009913503646850586,1467.71875
1592.0,0.00983676815032959,1467.71875
1593.0,0.013286815643310548,1467.71875
1594.0,0.01176576042175293,1467.71875
1595.0,0.011429887771606445,1467.71875
1596.0,0.009812128067016602,1467.71875
1597.0,0.012523520469665527,1467.71875
1598.0,0.010377216339111327,1467.71875
1599.0,0.012173215866088867,1467.71875
1600.0,0.012359871864318847,1467.71875
1601.0,0.009598976135253906,1467.71875
1602.0,0.012608863830566407,1467.71875
1603.0,0.011546624183654786,1467.71875
1604.0,0.016004735946655274,1467.71875
1605.0,0.009332736015319825,1467.71875
1606.0,0.011390368461608886,1467.71875
1607.0,0.014939519882202148,1467.71875
1608.0,0.01271878433227539,1467.71875
1609.0,0.006533440113067627,1467.71875
1610.0,0.014733311653137206,1467.71875
1611.0,0.0068652801513671875,1467.71875
1612.0,0.008647359848022462,1467.71875
1613.0,0.008988896369934081,1467.71875
1614.0,0.008758815765380859,1467.71875
1615.0,0.008443488121032714,1467.71875
1616.0,0.00882310390472412,1467.71875
1617.0,0.00991215991973877,1467.71875
1618.0,0.006873087882995605,1467.71875
1619.0,0.00846998405456543,1467.71875
1620.0,0.010266079902648925,1467.71875
1621.0,0.009556608200073242,1467.71875
1622.0,0.0103505277633667,1467.71875
1623.0,0.008544992446899415,1467.71875
1624.0,0.008716959953308106,1467.71875
1625.0,0.008540160179138183,1467.71875
1626.0,0.010184703826904297,1467.71875
1627.0,0.008745152473449707,1467.71875
1628.0,0.0255765438079834,1467.71875
1629.0,0.015068479537963867,1467.71875
1630.0,0.008109312057495117,1467.71875
1631.0,0.007802879810333252,1467.71875
1632.0,0.012751775741577149,1467.71875
1633.0,0.011675007820129394,1467.71875
1634.0,0.010782719612121582,1467.71875
1635.0,0.010436287879943848,1467.71875
1636.0,0.011245951652526856,1467.71875
1637.0,0.01568889617919922,1467.71875
1638.0,0.0076308479309082035,1467.71875
1639.0,0.010784768104553222,1467.71875
1640.0,0.02291299247741699,1467.71875
1641.0,0.016537696838378906,1467.71875
1642.0,0.00974835205078125,1467.71875
1643.0,0.012378463745117188,1467.71875
1644.0,0.00888764762878418,1467.71875
1645.0,0.006631999969482422,1467.71875
1646.0,0.01072755241394043,1467.71875
1647.0,0.00939475154876709,1467.71875
1648.0,0.006187007904052734,1467.71875
1649.0,0.006154784202575684,1467.71875
1650.0,0.011634048461914062,1467.71875
1651.0,0.011448320388793945,1467.71875
1652.0,0.011896896362304687,1467.71875
1653.0,0.013200480461120606,1467.71875
1654.0,0.009244671821594238,1467.71875
1655.0,0.010332063674926758,1467.71875
1656.0,0.01004748821258545,1467.71875
1657.0,0.010140640258789062,1467.71875
1658.0,0.01116812801361084,1467.71875
1659.0,0.011784159660339355,1467.71875
1660.0,0.010119520187377929,1467.71875
1661.0,0.009786751747131348,1467.71875
1662.0,0.010618847846984863,1467.71875
1663.0,0.011984895706176758,1467.71875
1664.0,0.01011302375793457,1467.71875
1665.0,0.01908406448364258,1467.71875
1666.0,0.009550944328308105,1467.71875
1667.0,0.009301952362060547,1467.71875
1668.0,0.006696576118469238,1467.71875
1669.0,0.012406784057617188,1467.71875
1670.0,0.0092674560546875,1467.71875
1671.0,0.00620963191986084,1467.71875
1672.0,0.00597324800491333,1467.71875
1673.0,0.006066048145294189,1467.71875
1674.0,0.01108745574951172,1467.71875
1675.0,0.006153823852539063,1467.71875
1676.0,0.005599199771881103,1467.71875
1677.0,0.013596639633178711,1467.71875
1678.0,0.010051584243774414,1467.71875
1679.0,0.006027647972106934,1467.71875
1680.0,0.006019264221191406,1467.71875
1681.0,0.010041279792785645,1467.71875
1682.0,0.0065500478744506836,1467.71875
1683.0,0.010726367950439453,1467.71875
1684.0,0.008614751815795898,1467.71875
1685.0,0.011341440200805663,1467.71875
1686.0,0.006335008144378662,1467.71875
1687.0,0.012183551788330077,1467.71875
1688.0,0.00860483169555664,1467.71875
1689.0,0.006557759761810303,1467.71875
1690.0,0.006139167785644531,1467.71875
1691.0,0.006544127941131592,1467.71875
1692.0,0.0058739838600158694,1467.71875
1693.0,0.010330368041992187,1467.71875
1694.0,0.00573632001876831,1467.71875
1695.0,0.004882400035858154,1467.71875
1696.0,0.010938367843627929,1467.71875
1697.0,0.011059807777404786,1467.71875
1698.0,0.006729824066162109,1467.71875
1699.0,0.008542816162109374,1467.71875
1700.0,0.009921536445617676,1467.71875
1701.0,0.008324192047119141,1467.71875
1702.0,0.014744959831237792,1467.71875
1703.0,0.007953279972076416,1467.71875
1704.0,0.011496800422668457,1467.71875
1705.0,0.013939135551452637,1467.71875
1706.0,0.008626175880432128,1467.71875
1707.0,0.00908902359008789,1467.71875
1708.0,0.008734304428100586,1467.71875
1709.0,0.01136844825744629,1467.71875
1710.0,0.008413311958312988,1467.71875
1711.0,0.0085032958984375,1467.71875
1712.0,0.008416000366210938,1467.71875
1713.0,0.010297920227050781,1467.71875
1714.0,0.008472384452819825,1467.71875
1715.0,0.007972864151000977,1467.71875
1716.0,0.008286399841308594,1467.71875
1717.0,0.006005856037139892,1467.71875
1718.0,0.006173888206481934,1467.71875
1719.0,0.010084351539611817,1467.71875
1720.0,0.0061562881469726565,1467.71875
1721.0,0.011506496429443359,1467.71875
1722.0,0.00601907205581665,1467.71875
1723.0,0.01143654441833496,1467.71875
1724.0,0.010174400329589843,1467.71875
1725.0,0.009979968070983886,1467.71875
1726.0,0.005832704067230224,1467.71875
1727.0,0.006081920146942138,1467.71875
1728.0,0.006229311943054199,1467.71875
1729.0,0.006154463768005371,1467.71875
1730.0,0.010456928253173828,1467.71875
1731.0,0.008913599967956543,1467.71875
1732.0,0.009580544471740723,1467.71875
1733.0,0.007542784214019775,1467.71875
1734.0,0.007424448013305664,1467.71875
1735.0,0.012703968048095702,1467.71875
1736.0,0.008871935844421386,1467.71875
1737.0,0.00851587200164795,1467.71875
1738.0,0.006056032180786133,1467.71875
1739.0,0.021921823501586914,1467.71875
1740.0,0.007753983974456787,1467.71875
1741.0,0.006715167999267578,1467.71875
1742.0,0.013187071800231934,1467.71875
1743.0,0.0072202558517456055,1467.71875
1744.0,0.006464767932891846,1467.71875
1745.0,0.010434880256652831,1467.71875
1746.0,0.010261119842529297,1467.71875
1747.0,0.010442272186279297,1467.71875
1748.0,0.011127519607543945,1467.71875
1749.0,0.006996352195739746,1467.71875
1750.0,0.006025216102600098,1467.71875
1751.0,0.011745280265808105,1467.71875
1752.0,0.006021120071411133,1467.71875
1753.0,0.0060193600654602055,1467.71875
1754.0,0.006029600143432617,1467.71875
1755.0,0.010266624450683593,1467.71875
1756.0,0.010274815559387206,1467.71875
1757.0,0.010427167892456055,1467.71875
1758.0,0.009128800392150879,1467.71875
1759.0,0.011497471809387207,1467.71875
1760.0,0.011780096054077148,1467.71875
1761.0,0.011843775749206543,1467.71875
1762.0,0.011909119606018067,1467.71875
1763.0,0.012049375534057617,1467.71875
1764.0,0.010914272308349609,1467.71875
1765.0,0.009117695808410644,1467.71875
1766.0,0.011705056190490722,1467.71875
1767.0,0.013307040214538574,1467.71875
1768.0,0.006090144157409668,1467.71875
1769.0,0.007935711860656738,1467.71875
1770.0,0.012271712303161621,1467.71875
1771.0,0.015081472396850586,1467.71875
1772.0,0.015060992240905761,1467.71875
1773.0,0.0072765440940856935,1467.71875
1774.0,0.00432316780090332,1467.71875
1775.0,0.011128671646118164,1467.71875
1776.0,0.03247219085693359,1467.71875
1777.0,0.006910240173339844,1467.71875
1778.0,0.011620287895202636,1467.71875
1779.0,0.01198307228088379,1467.71875
1780.0,0.01359443187713623,1467.71875
1781.0,0.01030348777770996,1467.71875
1782.0,0.009854975700378419,1467.71875
1783.0,0.00782038402557373,1467.71875
1784.0,0.011603967666625976,1467.71875
1785.0,0.01335433578491211,1467.71875
1786.0,0.013088768005371093,1467.71875
1787.0,0.013891903877258301,1467.71875
1788.0,0.013346816062927246,1467.71875
1789.0,0.011175935745239257,1467.71875
1790.0,0.012530495643615722,1467.71875
1791.0,0.008929280281066895,1467.71875
1792.0,0.010870112419128417,1467.71875
1793.0,0.012806495666503907,1467.71875
1794.0,0.01326694393157959,1467.71875
1795.0,0.009075712203979493,1467.71875
1796.0,0.014919455528259278,1467.71875
1797.0,0.010140031814575194,1467.71875
1798.0,0.010231807708740234,1467.71875
1799.0,0.010051551818847657,1467.71875
1800.0,0.009218048095703125,1467.71875
1801.0,0.00912384033203125,1467.71875
1802.0,0.006520832061767578,1467.71875
1803.0,0.011655776023864747,1467.71875
1804.0,0.006545407772064209,1467.71875
1805.0,0.012663423538208008,1467.71875
1806.0,0.010011455535888673,1467.71875
1807.0,0.00784774398803711,1467.71875
1808.0,0.006407936096191406,1467.71875
1809.0,0.006969888210296631,1467.71875
1810.0,0.006026463985443115,1467.71875
1811.0,0.007241759777069092,1467.71875
1812.0,0.019292415618896483,1467.71875
1813.0,0.023267007827758788,1467.71875
1814.0,0.006738143920898438,1467.71875
1815.0,0.011348896026611328,1467.71875
1816.0,0.010279487609863282,1467.71875
1817.0,0.013303680419921875,1467.71875
1818.0,0.009338656425476074,1467.71875
1819.0,0.00870742416381836,1467.71875
1820.0,0.008869536399841308,1467.71875
1821.0,0.008574975967407226,1467.71875
1822.0,0.008885919570922851,1467.71875
1823.0,0.006915679931640625,1467.71875
1824.0,0.00859382438659668,1467.71875
1825.0,0.008952704429626465,1467.71875
1826.0,0.008535903930664062,1467.71875
1827.0,0.021317632675170898,1467.71875
1828.0,0.016096160888671874,1467.71875
1829.0,0.008832608222961426,1467.71875
1830.0,0.007516160011291504,1467.71875
1831.0,0.008443903923034669,1467.71875
1832.0,0.008498496055603027,1467.71875
1833.0,0.008425472259521484,1467.71875
1834.0,0.00981007957458496,1467.71875
1835.0,0.009402048110961915,1467.71875
1836.0,0.008538111686706543,1467.71875
1837.0,0.00847811222076416,1467.71875
1838.0,0.008523903846740722,1467.71875
1839.0,0.010328288078308106,1467.71875
1840.0,0.008388287544250488,1467.71875
1841.0,0.008898591995239258,1467.71875
1842.0,0.008510656356811523,1467.71875
1843.0,0.0099749755859375,1467.71875
1844.0,0.008345600128173827,1467.71875
1845.0,0.00821452808380127,1467.71875
1846.0,0.008343647956848145,1467.71875
1847.0,0.008390048027038573,1467.71875
1848.0,0.008466431617736817,1467.71875
1849.0,0.008496352195739746,1467.71875
